SOL_ID,DEL_FLG,SOL_DESC,EXTN_CNTR_CODE,BANK_CODE,ABBR_BANK_NAME,BR_CODE,ABBR_BR_NAME,CLG_CENTRE_NUM,MICR_CENTRE_FLG,MICR_CENTRE_CODE,MICR_BANK_CODE,MICR_BRANCH_CODE,ADDR_1,ADDR_2,CITY_CODE,STATE_CODE,PIN_CODE,WKLY_OFF,INSTRMNT_ENCODE_BATCH_NUM,INSTRMNT_ENCODE_BLOCK_NUM,STOP_CASH_FT_FLG,STOP_CLG_FT_FLG,STOP_XFER_FT_FLG,USER_CASH_DR_LIM_EXCP_CODE,USER_CLG_DR_LIM_EXCP_CODE,USER_XFER_DR_LIM_EXCP_CODE,TDS_CERT_NUM_CODE,SAME_DAY_REV_TO_IBR_FLG,DATE_OF_INSTALLATION,DB_STAT_CODE,DB_INT_STAT_CODE,BOD_SYS_DATE,LAST_SI_EXEC_DATE,LCHG_USER_ID,RCRE_USER_ID,LCHG_TIME,RCRE_TIME,CUT_OVER_TIME,VALUE_DATING_ON_HOLIDAYS,TYPE_OF_CASH_ACCT,BR_STAT_CODE,HC_VAULT_LIMIT_IN_HC,FC_VAULT_LIMIT_IN_HC,CONSOL_VAULT_LIMIT_IN_HC,SOL_ALIAS,DB_STAT_USER_ID,ATM_JOB_STATUS,UNIFORM_BR_CODE,LICENSE_NO,BR_OPEN_DATE,REGION_NAME,DIVISION_NAME,CIRCLE_OFFICE_NAME,TDS_CIRCLE_NAME,DP_CODE,TAX_DEDN_DETAILS,PAN_GIR_NO,NUM_OF_TIMES_IBR_GEN,OSP_MAX_OUT_STD_DAYS,PROXY_PEND_VERIFN_EXCP_CODE,PROXY_NOT_SQUARED_EXCP_CODE,NEXT_CUST_NUM_CODE,INSTRMNT_WISE_REG_ALWD,HOME_CRNCY_CODE,DDN_WARN_LEVEL,DDN_WARN_LEVEL_EXCP_CODE,EXTERNAL_SOL,HIGH_VALUE_SOL,PROFIT_CENTER,ALL_EXT_TRANS_PROC_EXCP_CODE,TR_ENABLE_FLG,TR_HOME_CRNCY_CODE,TS_CNT,DESTRY_INVT_CLASS,DESTRY_INVT_LOCATION,EXT_EOD_NOT_COMP_EXCP_CODE,CS_SOL_MESG1,CS_SOL_MESG2,FAB_FLG,LOCAL_IMAGE_FLG,RECEIVE_ALL_IMAGES_FLG,SOL_PRIORITY,PDC_INSTL_RUN_DATE,SDL_ID,BRANCH_IP_ADDRESS,BRANCH_REF_PORT_NUM,LAST_INT_CALC_DATE_FOR_SB,SOL_EOD_STATUS,MINOR_AGE,CS_SOL_NATL_MESG1,CS_SOL_NATL_MESG2,BR_FREE_CODE_1,BR_FREE_CODE_2,BR_FREE_CODE_3,BR_FREE_CODE_4,BR_FREE_CODE_5,BR_FREE_CODE_6,BR_FREE_CODE_7,BR_FREE_CODE_8,BR_FREE_CODE_9,BR_FREE_CODE_10,REFERRAL_SET_ID,CTS_ENABLED_FLG,SOL_CLS_FLG,SOL_CLS_DATE,SOL_BOD_DATE,PREF_LANG_CODE,PREF_LANG_SOL_DESC,MENU_DISABLE_FLG,BANK_ID,WKLY_OFF2,TIME_ZONE,SOL_NAT_FLG,ALT1_SOL_DESC,BATCH_OPER_DATE,ENTITY_NAME,ADDR_3,CNTRY_CODE,PARTITION_ALIAS,REROUTE_STP_ALLOWED,SOL_RESTARTABILITY_FLG,MRS_NAME,TREA_FREE_TEXT1,TREA_FREE_TEXT2
1000,N,MBANK  HOI SO,1,305,305,1000,HSO,1,Y,0,0,0,"g 8, V *** ,","n 1, T *** m",79,79,,1,0,0, ,C, ,,,,,N,00:00.0,Y,,,,EOD1,UBSADMIN,02:11.0,04:02.0,59:59.0,N,B, ,0,0,0,0,,,,99999,00:00.0,,,,,,,,0,0,,,,N,VND,50000,,N,Y,Y,,Y,VND,24136,DS,DS,,English,,N,N,N,1,,ALL,,0,, ,18,Vietnamese,,,,,,,,,,,,ALL,Y,Y,00:00.0,00:00.0,,, ,1,7,ICT,C,,00:00.0,EXIMVN, *** ,VN,29, ,N,,,
1001,N, HA NOI,1,305,305,1001,HNI,1,Y,1,1,1,"Tran H *** ,","Hoan K *** ,",1,1,,1,0,0, ,C, ,,,,,N,00:00.0,Y,,,,EOD1,UBSADMIN,01:48.0,02:05.0,59:59.0,N,B, ,0,0,0,1,,,,99999,00:00.0,,,,,,,,0,0,,,,N,VND,50000,,N,Y,Y,,Y,VND,23860,DS,DS,,English,,N,N,N,11,,ALL,,0,, ,18,Vietnamese,,,,,,,,,,,,ALL,Y,Y,00:00.0,00:00.0,,, ,1,7,ICT,C,,00:00.0,EXIMVN,t Nam *** m,VN,29, ,N,,,
1002,N, DA NANG,1,305,305,1002,DNG,1,Y,2,2,2,"Tran P *** ,", Đà Nẵ *** m,48,48,,1,0,0, ,C, ,,,,,N,00:00.0,Y,,,,EOD1,UBSADMIN,00:20.0,02:06.0,59:59.0,N,B, ,0,0,0,2,,,,99999,00:00.0,,,,,,,,0,0,,,,N,VND,50000,,N,Y,Y,,Y,VND,23817,DS,DS,,English,,N,N,N,25,,ALL,,0,, ,18,Vietnamese,,,,,,,,,,,,ALL,Y,Y,00:00.0,00:00.0,,, ,1,7,ICT,C,,00:00.0,EXIMVN,t Nam *** m,VN,29, ,N,,,
1003,N, CAN THO,1,305,305,1003,CTH,1,Y,3,3,3,"han Di *** ,", Cần T *** m,92,92,,1,0,0, ,C, ,,,,,N,00:00.0,Y,,,,EOD1,UBSADMIN,02:19.0,02:06.0,59:59.0,N,B, ,0,0,0,3,,,,99999,00:00.0,,,,,,,,0,0,,,,N,VND,50000,,N,Y,Y,,Y,VND,24909,DS,DS,,English,,N,N,N,7,,ALL,,0,, ,18,Vietnamese,,,,,,,,,,,,ALL,Y,Y,00:00.0,00:00.0,,, ,1,7,ICT,C,,00:00.0,EXIMVN,t Nam *** m,VN,29, ,N,,,
1004,N, CHO LON,1,305,305,1004,SG5,1,Y,4,4,4," Nguye *** ,",", Quan *** m",79,79,,1,0,0, ,C, ,,,,,N,00:00.0,Y,,,,EOD1,UBSADMIN,01:10.0,02:06.0,59:59.0,N,B, ,0,0,0,4,,,,99999,00:00.0,,,,,,,,0,0,,,,N,VND,50000,,N,Y,Y,,Y,VND,23591,DS,DS,,English,,N,N,N,22,,ALL,,0,, ,18,Vietnamese,,,,,,,,,,,,ALL,Y,Y,00:00.0,00:00.0,,, ,1,7,ICT,C,,00:00.0,EXIMVN,t Nam *** m,VN,29, ,N,,,
1007,N, HOA BINH,1,305,305,1007,HBH,1,Y,5,5,5,"Nguyen *** ,","n 5, T *** m",79,79,,1,0,0, ,C, ,,,,,N,00:00.0,Y,,,,EOD1,UBSADMIN,59:39.0,02:06.0,59:59.0,N,B, ,0,0,0,5,,,,99999,00:00.0,,,,,,,,0,0,,,,N,VND,50000,,N,Y,Y,,Y,VND,24456,DS,DS,,English,,N,N,N,27,,ALL,,0,, ,18,Vietnamese,,,,,,,,,,,,ALL,Y,Y,00:00.0,00:00.0,,, ,1,7,ICT,C,,00:00.0,EXIMVN,t Nam *** m,VN,29, ,N,,,
1012,N, QUAN  10,1,305,305,1012,10D,1,Y,6,6,6,"65A va *** ,","n 10,  *** m",79,79,,1,0,0, ,C, ,,,,,N,00:00.0,Y,,,,EOD1,UBSADMIN,00:44.0,02:06.0,59:59.0,N,B, ,0,0,0,6,,,,39/EIB/HDQT-04,00:00.0,,,,,,,,0,0,,,,N,VND,50000,,N,Y,Y,,Y,VND,24291,DS,DS,,English,,N,N,N,9,,ALL,,0,, ,18,Vietnamese,,,,,,,,,,,,ALL,Y,Y,00:00.0,00:00.0,,, ,1,7,ICT,C,,00:00.0,EXIMVN,t Nam *** m,VN,29, ,N,,,
1015,N, QUAN  11,1,305,305,1015,11D,1,Y,7,7,7,"33-27/ *** ,","n 11,  *** m",79,79,,1,0,0, ,C, ,,,,,N,00:00.0,Y,,,,EOD1,UBSADMIN,01:39.0,02:07.0,59:59.0,N,B, ,0,0,0,7,,,,50/EIB/HDQT-05,00:00.0,,,,,,,,0,0,,,,N,VND,50000,,N,Y,Y,,Y,VND,23569,DS,DS,,English,,N,N,N,24,,ALL,,0,, ,18,Vietnamese,,,,,,,,,,,,ALL,Y,Y,00:00.0,00:00.0,,, ,1,7,ICT,C,,00:00.0,EXIMVN,t Nam *** m,VN,29, ,N,,,
1200,N, KHANH  HOA,1,305,305,1200,NTR,1,Y,9,9,9,"Yersin *** ,", Nha T *** m,56,56,,1,0,0, ,C, ,,,,,N,00:00.0,Y,,,,EOD1,UBSADMIN,01:59.0,02:07.0,59:59.0,N,B, ,0,0,0,9,,,,50/EIB/HDQT-05,00:00.0,,,,,,,,0,0,,,,N,VND,50000,,N,Y,Y,,Y,VND,23626,DS,DS,,English,,N,N,N,20,,ALL,,0,, ,18,Vietnamese,,,,,,,,,,,,ALL,Y,Y,00:00.0,00:00.0,,, ,1,7,ICT,C,,00:00.0,EXIMVN,t Nam *** m,VN,29, ,N,,,
1201,N, DAK LAK,1,305,305,1201,BMT,1,Y,10,10,10," Nguye *** ,", Buon  *** k,66,66,,1,0,0, ,C, ,,,,,N,00:00.0,Y,,,,EOD1,UBSADMIN,59:40.0,02:07.0,59:59.0,N,B, ,0,0,0,10,,,,315/2008/EIB/QD,00:00.0,,,,,,,,0,0,,,,N,VND,50000,,N,Y,Y,,Y,VND,24987,DS,DS,,English,,N,N,N,30,,ALL,,0,, ,18,Vietnamese,,,,,,,,,,,,ALL,Y,Y,00:00.0,00:00.0,,, ,1,7,ICT,C,,00:00.0,EXIMVN,t Nam *** m,VN,29, ,N,,,
1202,N, LAM DONG,1,305,305,1202,DLT,1,Y,11,11,11,"18-20, *** ,", Đà Lạ *** m,68,68,,1,0,0, ,C, ,,,,,N,00:00.0,Y,,,,EOD1,UBSADMIN,59:00.0,02:07.0,59:59.0,N,B, ,0,0,0,11,,,,316/2008/EIB/QD,00:00.0,,,,,,,,0,0,,,,N,VND,50000,,N,Y,Y,,Y,VND,24381,DS,DS,,English,,N,N,N,48,,ALL,,0,, ,18,Vietnamese,,,,,,,,,,,,ALL,Y,Y,00:00.0,00:00.0,,, ,1,7,ICT,C,,00:00.0,EXIMVN,t Nam *** m,VN,29, ,N,,,
1203,N, PGD BAO LOC,2,305,305,1202,BLO,1,Y,12,12,12,"De Tha *** ,",", Tx B *** ,",68,68,,1,0,0, ,C, ,,,,,N,00:00.0,Y,,,,EOD1,UBSADMIN,00:51.0,02:08.0,59:59.0,N,B, ,0,0,0,12,,,,946/15/EIB/KTTH,00:00.0,,,,,,,,0,0,,,,N,VND,50000,,N,Y,Y,,Y,VND,23776,DS,DS,,English,,N,N,N,106,,ALL,,0,, ,18,Vietnamese,,,,,,,,,,,,ALL,Y,Y,00:00.0,00:00.0,,, ,1,7,ICT,C,,00:00.0,EXIMVN,h Lam  *** m,VN,29, ,N,,,
1204,N, PGD DA LAT,3,305,305,1202,CNO,1,Y,13,13,13,"7A Khu *** ,",", TP.D *** ,",68,68,,1,0,0, ,C, ,,,,,N,00:00.0,Y,,,,EOD1,UBSADMIN,55:19.0,02:08.0,59:59.0,N,B, ,0,0,0,13,,,,946/15/EIB/KTTH,00:00.0,,,,,,,,0,0,,,,N,VND,50000,,N,Y,Y,,Y,VND,24207,DS,DS,,English,,N,N,N,109,,ALL,,0,, ,18,Vietnamese,,,,,,,,,,,,ALL,Y,Y,00:00.0,00:00.0,,, ,1,7,ICT,C,,00:00.0,EXIMVN,h Lam  *** m,VN,29, ,N,,,
1205,N, PGD DUC TRONG,4,305,305,1202,DGO,1,Y,14,14,14,"Thong  *** ,"," Lien  *** ,",68,68,,1,0,0, ,C, ,,,,,N,00:00.0,Y,,,,EOD1,UBSADMIN,01:32.0,02:08.0,59:59.0,N,B, ,0,0,0,14,,,,946/15/EIB/KTTH,00:00.0,,,,,,,,0,0,,,,N,VND,50000,,N,Y,Y,,Y,VND,23467,DS,DS,,English,,N,N,N,154,,ALL,,0,, ,18,Vietnamese,,,,,,,,,,,,ALL,Y,Y,00:00.0,00:00.0,,, ,1,7,ICT,C,,00:00.0,EXIMVN,h Lam  *** m,VN,29, ,N,,,
1206,N, PGD BUON HO,2,305,305,1201,BUO,1,Y,15,15,15," Hung  *** ,","Buon H *** ,",66,66,,1,0,0, ,C, ,,,,,N,00:00.0,Y,,,,EOD1,UBSADMIN,00:21.0,02:08.0,59:59.0,N,B, ,0,0,0,15,,,,946/15/EIB/KTTH,00:00.0,,,,,,,,0,0,,,,N,VND,50000,,N,Y,Y,,Y,VND,23503,DS,DS,,English,,N,N,N,78,,ALL,,0,, ,18,Vietnamese,,,,,,,,,,,,ALL,Y,Y,00:00.0,00:00.0,,, ,1,7,ICT,C,,00:00.0,EXIMVN,h DakL *** m,VN,29, ,N,,,
1207,N, PGD LY THG KIET,3,305,305,1201,LEO,1,Y,16,16,16," Le Du *** ,","a Tam, *** ,",66,66,,1,0,0, ,C, ,,,,,N,00:00.0,Y,,,,EOD1,UBSADMIN,01:50.0,02:08.0,59:59.0,N,B, ,0,0,0,16,,,,946/15/EIB/KTTH,00:00.0,,,,,,,,0,0,,,,N,VND,50000,,N,Y,Y,,Y,VND,23492,DS,DS,,English,,N,N,N,75,,ALL,,0,, ,18,Vietnamese,,,,,,,,,,,,ALL,Y,Y,00:00.0,00:00.0,,, ,1,7,ICT,C,,00:00.0,EXIMVN,h DakL *** m,VN,29, ,N,,,
1208,N, KRONG *** C,4,305,305,1201,NUO,1,Y,17,17,17," Giai  *** ,",rong P *** k,66,66,,1,0,0, ,C, ,,,,,N,00:00.0,Y,,,,EOD1,UBSADMIN,01:32.0,02:09.0,59:59.0,N,B, ,0,0,0,17,,,,946/15/EIB/KTTH,00:00.0,,,,,,,,0,0,,,,N,VND,50000,,N,Y,Y,,Y,VND,23486,DS,DS,,English,,N,N,N,122,,ALL,,0,, ,18,Vietnamese,,,,,,,,,,,,ALL,Y,Y,00:00.0,00:00.0,,, ,1,7,ICT,C,,00:00.0,EXIMVN,h DakL *** m,VN,29, ,N,,,
1209,N, PGD PHAN CHAU TRINH,5,305,305,1201,PUO,1,Y,18,18,18," Phan  *** ,","an Loi *** ,",66,66,,1,0,0, ,C, ,,,,,N,00:00.0,Y,,,,EOD1,UBSADMIN,00:19.0,02:09.0,59:59.0,N,B, ,0,0,0,18,,,,946/15/EIB/KTTH,00:00.0,,,,,,,,0,0,,,,N,VND,50000,,N,Y,Y,,Y,VND,23504,DS,DS,,English,,N,N,N,91,,ALL,,0,, ,18,Vietnamese,,,,,,,,,,,,ALL,Y,Y,00:00.0,00:00.0,,, ,1,7,ICT,C,,00:00.0,EXIMVN,h DakL *** m,VN,29, ,N,,,
1210,N, PGD LE HONG PHONG,2,305,305,1200,LPO,1,Y,19,19,19,"A Lê H *** ,","ờng Ph *** ,",56,56,,1,0,0, ,C, ,,,,,N,00:00.0,Y,,,,EOD1,UBSADMIN,00:51.0,02:09.0,59:59.0,N,B, ,0,0,0,19,,,,345/14/EIB/HDQT,00:00.0,,,,,,,,0,0,,,,N,VND,50000,,N,Y,Y,,Y,VND,22794,DS,DS,,English,,N,N,N,159,,ALL,,0,, ,18,Vietnamese,,,,,,,,,,,,ALL,Y,Y,00:00.0,00:00.0,,, ,1,7,ICT,C,,00:00.0,EXIMVN,h Khán *** m,VN,29, ,N,,,
1211,N, PGD NG PHONG SAC,3,305,305,1200,QTO,1,Y,20,20,20,"Nguyễn *** ,",Ninh H *** a,56,56,,1,0,0, ,C, ,,,,,N,00:00.0,Y,,,,EOD1,UBSADMIN,15:31.0,02:09.0,59:59.0,N,B, ,0,0,0,20,,,,345/14/EIB/HDQT,00:00.0,,,,,,,,0,0,,,,N,VND,50000,,N,Y,Y,,Y,VND,22792,DS,DS,,English,,N,N,N,175,,ALL,,0,, ,18,Vietnamese,,,,,,,,,,,,ALL,Y,Y,00:00.0,00:00.0,,, ,1,7,ICT,C,,00:00.0,EXIMVN,t Nam *** m,VN,29, ,N,,,
1212,N, PGD D *** H,4,305,305,1200,PTO,1,Y,21,21,21," Lạc L *** ,","Diên K *** ,",56,56,,1,0,0, ,C, ,,,,,N,00:00.0,Y,,,,EOD1,UBSADMIN,01:21.0,02:10.0,59:59.0,N,B, ,0,0,0,21,,,,345/14/EIB/HDQT,00:00.0,,,,,,,,0,0,,,,N,VND,50000,,N,Y,Y,,Y,VND,22804,DS,DS,,English,,N,N,N,139,,ALL,,0,, ,18,Vietnamese,,,,,,,,,,,,ALL,Y,Y,00:00.0,00:00.0,,, ,1,7,ICT,C,,00:00.0,EXIMVN,h Khán *** a,VN,29, ,N,,,
1214,N, PGD BUON MA THUAT,6,305,305,1201,CBO,1,Y,22,22,22,"t C21  *** ,","hống N *** ,",66,66,,1,0,0, ,C, ,,,,,N,00:00.0,Y,,,,EOD1,UBSADMIN,16:50.0,02:10.0,59:59.0,N,B, ,0,0,0,22,,,,345/14/EIB/HDQT,00:00.0,,,,,,,,0,0,,,,N,VND,50000,,N,Y,Y,,Y,VND,22883,DS,DS,,English,,N,N,N,169,,ALL,,0,, ,18,Vietnamese,,,,,,,,,,,,ALL,Y,Y,00:00.0,00:00.0,,, ,1,7,ICT,C,,00:00.0,EXIMVN,t Nam *** m,VN,29, ,N,,,
1400,N, TAN DINH,1,305,305,1400,TDH,1,Y,23,23,23,"Tran Q *** ,","n 1, T *** m",79,79,,1,0,0, ,C, ,,,,,N,00:00.0,Y,,,,EOD1,UBSADMIN,00:28.0,02:10.0,59:59.0,N,B, ,0,0,0,23,,,,115/EIB/HDQT-05,00:00.0,,,,,,,,0,0,,,,N,VND,50000,,N,Y,Y,,Y,VND,23697,DS,DS,,English,,N,N,N,5,,ALL,,0,, ,18,Vietnamese,,,,,,,,,,,,ALL,Y,Y,00:00.0,00:00.0,,, ,1,7,ICT,C,,00:00.0,EXIMVN,t Nam *** m,VN,29, ,N,,,
1401,N, SAI G ON,1,305,305,1401,TTD,1,Y,24,24,24,-89/9- *** i,guyen  *** m,79,79,,1,0,0, ,C, ,,,,,N,00:00.0,Y,,,,EOD1,UBSADMIN,02:20.0,02:10.0,59:59.0,N,B, ,0,0,0,24,,,,115/EIB/HDQT-05,00:00.0,,,,,,,,0,0,,,,N,VND,50000,,N,Y,Y,,Y,VND,24337,DS,DS,,English,,N,N,N,10,,ALL,,0,, ,18,Vietnamese,,,,,,,,,,,,ALL,Y,Y,00:00.0,00:00.0,,, ,1,7,ICT,C,,00:00.0,EXIMVN,t Nam *** m,VN,29, ,N,,,
1402,N, QUAN  4,1,305,305,1402,Q04,1,Y,25,25,25," oc H2 *** ,","n 4, T *** ,",79,79,,1,0,0, ,C, ,,,,,N,00:00.0,Y,,,,EOD1,UBSADMIN,02:13.0,02:10.0,59:59.0,N,B, ,0,0,0,25,,,,181/EIB/HDQT-07,00:00.0,,,,,,,,0,0,,,,N,VND,50000,,N,Y,Y,,Y,VND,23707,DS,DS,,English,,N,N,N,4,,ALL,,0,, ,18,Vietnamese,,,,,,,,,,,,ALL,Y,Y,00:00.0,00:00.0,,, ,1,7,ICT,C,,00:00.0,EXIMVN,t Nam *** m,VN,29, ,N,,,
1403,N, QUAN  7,1,305,305,1403,Q07,1,Y,26,26,26," Huynh *** ,","n 7, T *** ,",79,79,,1,0,0, ,C, ,,,,,N,00:00.0,Y,,,,EOD1,UBSADMIN,01:42.0,02:11.0,59:59.0,N,B, ,0,0,0,26,,,,180/EIB/HDQT-07,00:00.0,,,,,,,,0,0,,,,N,VND,50000,,N,Y,Y,,Y,VND,23583,DS,DS,,English,,N,N,N,26,,ALL,,0,, ,18,Vietnamese,,,,,,,,,,,,ALL,Y,Y,00:00.0,00:00.0,,, ,1,7,ICT,C,,00:00.0,EXIMVN,t Nam *** m,VN,29, ,N,,,
1404,N, CONG  HOA,1,305,305,1404,CHA,1,Y,27,27,27,"ng tre *** ,",n Tan  *** M,79,79,,1,0,0, ,C, ,,,,,N,00:00.0,Y,,,,EOD1,UBSADMIN,02:00.0,02:11.0,59:59.0,N,B, ,0,0,0,27,,,,178/EIB/HDQT-07,00:00.0,,,,,,,,0,0,,,,N,VND,50000,,N,Y,Y,,Y,VND,24690,DS,DS,,English,,N,N,N,3,,ALL,,0,, ,18,Vietnamese,,,,,,,,,,,,ALL,Y,Y,00:00.0,00:00.0,,, ,1,7,ICT,C,,00:00.0,EXIMVN,t Nam *** m,VN,29, ,N,,,
1405,N, PGD PHAM VAN HAI,2,305,305,1404,PIO,1,Y,28,28,28,"A Pham *** ,","ong 3, *** ,",79,79,,1,0,0, ,C, ,,,,,N,00:00.0,Y,,,,EOD1,UBSADMIN,56:50.0,02:11.0,59:59.0,N,B, ,0,0,0,28,,,,345/14/EIB/HDQT,00:00.0,,,,,,,,0,0,,,,N,VND,50000,,N,Y,Y,,Y,VND,23468,DS,DS,,English,,N,N,N,157,,ALL,,0,, ,18,Vietnamese,,,,,,,,,,,,ALL,Y,Y,00:00.0,00:00.0,,, ,1,7,ICT,C,,00:00.0,EXIMVN,"HCM, V *** m",VN,29, ,N,,,
1406,N, HIEP  THANH,3,305,305,1404,VGO,1,Y,29,29,29,"B Nguy *** ,",iep Th *** M,79,79,,1,0,0, ,C, ,,,,,N,00:00.0,Y,,,,EOD1,UBSADMIN,01:31.0,02:11.0,59:59.0,N,B, ,0,0,0,29,,,,345/14/EIB/HDQT,00:00.0,,,,,,,,0,0,,,,N,VND,50000,,N,Y,Y,,Y,VND,23527,DS,DS,,English,,N,N,N,111,,ALL,,0,, ,18,Vietnamese,,,,,,,,,,,,ALL,Y,Y,00:00.0,00:00.0,,, ,1,7,ICT,C,,00:00.0,EXIMVN,"HCM, V *** m",VN,29, ,N,,,
1407,N, PGD T RUNG CHANH,4,305,305,1404,CIO,1,Y,30,30,30,/3 Ngu *** h,"en Hoc *** ,",79,79,,1,0,0, ,C, ,,,,,N,00:00.0,Y,,,,EOD1,UBSADMIN,01:51.0,02:11.0,59:59.0,N,B, ,0,0,0,30,,,,345/14/EIB/HDQT,00:00.0,,,,,,,,0,0,,,,N,VND,50000,,N,Y,Y,,Y,VND,23462,DS,DS,,English,,N,N,N,133,,ALL,,0,, ,18,Vietnamese,,,,,,,,,,,,ALL,Y,Y,00:00.0,00:00.0,,, ,1,7,ICT,C,,00:00.0,EXIMVN,"HCM, V *** m",VN,29, ,N,,,
1408,N, PGD AN SUONG,5,305,305,1404,ASO,1,Y,31,31,31,"-381 T *** ,","an Tho *** ,",79,79,,1,0,0, ,C, ,,,,,N,00:00.0,Y,,,,EOD1,UBSADMIN,56:50.0,02:12.0,59:59.0,N,B, ,0,0,0,31,,,,345/14/EIB/HDQT,00:00.0,,,,,,,,0,0,,,,N,VND,50000,,N,Y,Y,,Y,VND,23497,DS,DS,,English,,N,N,N,100,,ALL,,0,, ,18,Vietnamese,,,,,,,,,,,,ALL,Y,Y,00:00.0,00:00.0,,, ,1,7,ICT,C,,00:00.0,EXIMVN,"HCM, V *** m",VN,29, ,N,,,
1409,N, PGD NGUYEN THAI SON,6,305,305,1404,NGO,1,Y,32,32,32,"-232 N *** ,","hu Tho *** ,",79,79,,1,0,0, ,C, ,,,,,N,00:00.0,Y,,,,EOD1,UBSADMIN,01:40.0,02:12.0,59:59.0,N,B, ,0,0,0,32,,,,345/14/EIB/HDQT,00:00.0,,,,,,,,0,0,,,,N,VND,50000,,N,Y,Y,,Y,VND,23507,DS,DS,,English,,N,N,N,98,,ALL,,0,, ,18,Vietnamese,,,,,,,,,,,,ALL,Y,Y,00:00.0,00:00.0,,, ,1,7,ICT,C,,00:00.0,EXIMVN,"HCM, V *** m",VN,29, ,N,,,
1410,N, PGD NGUYEN THI THAP,2,305,305,1403,NTO,1,Y,33,33,33," Nguye *** ,","ong Ta *** ,",79,79,,1,0,0, ,C, ,,,,,N,00:00.0,Y,,,,EOD1,UBSADMIN,58:31.0,02:12.0,59:59.0,N,B, ,0,0,0,33,,,,345/14/EIB/HDQT,00:00.0,,,,,,,,0,0,,,,N,VND,50000,,N,Y,Y,,Y,VND,23501,DS,DS,,English,,N,N,N,86,,ALL,,0,, ,18,Vietnamese,,,,,,,,,,,,ALL,Y,Y,00:00.0,00:00.0,,, ,1,7,ICT,C,,00:00.0,EXIMVN,"HCM, V *** m",VN,29, ,N,,,
1411,N, PGD PHU TAN,3,305,305,1403,PXO,1,Y,34,34,34," KP5 H *** ,","Nha Be *** ,",79,79,,1,0,0, ,C, ,,,,,N,00:00.0,Y,,,,EOD1,UBSADMIN,55:10.0,02:12.0,59:59.0,N,B, ,0,0,0,34,,,,345/14/EIB/HDQT,00:00.0,,,,,,,,0,0,,,,N,VND,50000,,N,Y,Y,,Y,VND,23464,DS,DS,,English,,N,N,N,143,,ALL,,0,, ,18,Vietnamese,,,,,,,,,,,,ALL,Y,Y,00:00.0,00:00.0,,, ,1,7,ICT,C,,00:00.0,EXIMVN,"HCM, V *** m",VN,29, ,N,,,
1412,N, PGD PHU MY,4,305,305,1403,PMO,1,Y,35,35,35,"Lo O,  *** ,","hu My, *** ,",79,79,,1,0,0, ,C, ,,,,,N,00:00.0,Y,,,,EOD1,UBSADMIN,14:33.0,02:12.0,59:59.0,N,B, ,0,0,0,35,,,,345/14/EIB/HDQT,00:00.0,,,,,,,,0,0,,,,N,VND,50000,,N,Y,Y,,Y,VND,23461,DS,DS,,English,,N,N,N,168,,ALL,,0,, ,18,Vietnamese,,,,,,,,,,,,ALL,Y,Y,00:00.0,00:00.0,,, ,1,7,ICT,C,,00:00.0,EXIMVN,t Nam *** m,VN,29, ,N,,,
1500,N, TAY D *** O,1,305,305,1500,CKH,1,Y,36,36,36,"P+R Tr *** ,",Ninh K *** ơ,92,92,,1,0,0, ,C, ,,,,,N,00:00.0,Y,,,,EOD1,UBSADMIN,58:59.0,02:13.0,59:59.0,N,B, ,0,0,0,36,,,,345/14/EIB/HDQT,00:00.0,,,,,,,,0,0,,,,N,VND,50000,,N,Y,Y,,Y,VND,23773,DS,DS,,English,,N,N,N,38,,ALL,,0,, ,18,Vietnamese,,,,,,,,,,,,ALL,Y,Y,00:00.0,00:00.0,,, ,1,7,ICT,C,,00:00.0,EXIMVN,t Nam *** m,VN,29, ,N,,,
1501,N, TIEN  GIANG,1,305,305,1501,MTO,1,Y,37,37,37,"1A Hun *** ,",My Tho *** g,82,82,,1,0,0, ,C, ,,,,,N,00:00.0,Y,,,,EOD1,UBSADMIN,59:21.0,02:13.0,59:59.0,N,B, ,0,0,0,37,,,,314/2008/EIB/QD,00:00.0,,,,,,,,0,0,,,,N,VND,50000,,N,Y,Y,,Y,VND,24013,DS,DS,,English,,N,N,N,18,,ALL,,0,, ,18,Vietnamese,,,,,,,,,,,,ALL,Y,Y,00:00.0,00:00.0,,, ,1,7,ICT,C,,00:00.0,EXIMVN,t Nam *** m,VN,29, ,N,,,
1502,N, AN GIANG,1,305,305,1502,AGG,1,Y,38,38,38,"Hai Ba *** ,", Long  *** g,89,89,,1,0,0, ,C, ,,,,,N,00:00.0,Y,,,,EOD1,UBSADMIN,01:31.0,02:13.0,59:59.0,N,B, ,0,0,0,38,,,,310/2008/EIB/QD,00:00.0,,,,,,,,0,0,,,,N,VND,50000,,N,Y,Y,,Y,VND,24873,DS,DS,,English,,N,N,N,29,,ALL,,0,, ,18,Vietnamese,,,,,,,,,,,,ALL,Y,Y,00:00.0,00:00.0,,, ,1,7,ICT,C,,00:00.0,EXIMVN,t Nam *** m,VN,29, ,N,,,
1503,N, LONG  AN,1,305,305,1503,LAN,1,Y,39,39,39,"Tra Qu *** ,", Tan A *** n,80,80,,1,0,0, ,C, ,,,,,N,00:00.0,Y,,,,EOD1,UBSADMIN,01:40.0,02:13.0,59:59.0,N,B, ,0,0,0,39,,,,053/2009/EIB/QD,00:00.0,,,,,,,,0,0,,,,N,VND,50000,,N,Y,Y,,Y,VND,23781,DS,DS,,English,,N,N,N,36,,ALL,,0,, ,18,Vietnamese,,,,,,,,,,,,ALL,Y,Y,00:00.0,00:00.0,,, ,1,7,ICT,C,,00:00.0,EXIMVN,t Nam *** m,VN,29, ,N,,,
1504,N, BAC LIEU,1,305,305,1504,BLU,1,Y,40,40,40,"477 Tr *** ,", Bạc L *** u,95,95,,1,0,0, ,C, ,,,,,N,00:00.0,Y,,,,EOD1,UBSADMIN,01:31.0,02:13.0,59:59.0,N,B, ,0,0,0,40,,,,138/2010/EIB-QD,00:00.0,,,,,,,,0,0,,,,N,VND,50000,,N,Y,Y,,Y,VND,24320,DS,DS,,English,,N,N,N,37,,ALL,,0,, ,18,Vietnamese,,,,,,,,,,,,ALL,Y,Y,00:00.0,00:00.0,,, ,1,7,ICT,C,,00:00.0,EXIMVN,t Nam *** m,VN,29, ,N,,,
1505,N, KIEN  GIANG,1,305,305,1505,KGG,1,Y,41,41,41,"04 Pha *** ,","ong Vi *** ,",91,91,,1,0,0, ,C, ,,,,,N,00:00.0,Y,,,,EOD1,UBSADMIN,58:49.0,02:14.0,59:59.0,N,B, ,0,0,0,41,,,,364/13/EIB/HDQT,00:00.0,,,,,,,,0,0,,,,N,VND,50000,,N,Y,Y,,Y,VND,24401,DS,DS,,English,,N,N,N,60,,ALL,,0,, ,18,Vietnamese,,,,,,,,,,,,ALL,Y,Y,00:00.0,00:00.0,,, ,1,7,ICT,C,,00:00.0,EXIMVN,h Kien *** m,VN,29, ,N,,,
1506,N, PGD CHAU DOC,2,305,305,1502,CHO,1,Y,42,42,42,"58-60  *** ,","hau Ph *** ,",89,89,,1,0,0, ,C, ,,,,,N,00:00.0,Y,,,,EOD1,UBSADMIN,59:00.0,02:14.0,59:59.0,N,B, ,0,0,0,42,,,,454/13/EIB/HDQT,00:00.0,,,,,,,,0,0,,,,N,VND,50000,,N,Y,Y,,Y,VND,23825,DS,DS,,English,,N,N,N,96,,ALL,,0,, ,18,Vietnamese,,,,,,,,,,,,ALL,Y,Y,00:00.0,00:00.0,,, ,1,7,ICT,C,,00:00.0,EXIMVN,t Nam *** m,VN,29, ,N,,,
1507,N, PGD TAN CHAU,3,305,305,1502,T6O,1,Y,43,43,43," TON D *** ,",ONG TH *** G,89,MIGR,,1,0,0, ,C, ,,,,,N,00:00.0,Y,,,,EOD1,UBSADMIN,58:51.0,02:14.0,59:59.0,N,B, ,0,0,0,43,,,,454/13/EIB/HDQT,00:00.0,,,,,,,,0,0,,,,N,VND,50000,,N,Y,Y,,Y,VND,23643,DS,DS,,ENGLISH,,N,N,N,65,,ALL,,0,, ,18,VIETNAMESE,,,,,,,,,,,,ALL,Y,Y,00:00.0,00:00.0,,, ,1,7,ICT,C,,00:00.0,EXIMVN, *** ,VN,29, ,N,,,
1508,N, PGD CAI RANG,2,305,305,1003,CRO,1,Y,44,44,44," Quoc  *** ,","ong Le *** ,",92,92,,1,0,0, ,C, ,,,,,N,00:00.0,Y,,,,EOD1,UBSADMIN,58:39.0,02:14.0,59:59.0,N,B, ,0,0,0,44,,,,946/15/EIB/KTTH,00:00.0,,,,,,,,0,0,,,,N,VND,50000,,N,Y,Y,,Y,VND,24242,DS,DS,,English,,N,N,N,53,,ALL,,0,, ,18,Vietnamese,,,,,,,,,,,,ALL,Y,Y,00:00.0,00:00.0,,, ,1,7,ICT,C,,00:00.0,EXIMVN,Cần Th *** m,VN,29, ,N,,,
1509,N, PGD THOT NOT,2,305,305,1500,TNO,1,Y,45,45,45," QL91, *** ,","ong Th *** ,",92,92,,1,0,0, ,C, ,,,,,N,00:00.0,Y,,,,EOD1,UBSADMIN,58:31.0,02:15.0,59:59.0,N,B, ,0,0,0,45,,,,946/15/EIB/KTTH,00:00.0,,,,,,,,0,0,,,,N,VND,50000,,N,Y,Y,,Y,VND,23480,DS,DS,,English,,N,N,N,144,,ALL,,0,, ,18,Vietnamese,,,,,,,,,,,,ALL,Y,Y,00:00.0,00:00.0,,, ,1,7,ICT,C,,00:00.0,EXIMVN,Cần Th *** m,VN,29, ,N,,,
1510,N, PGD NINH KIEU,3,305,305,1003,HIO,1,Y,46,46,46," Đường *** ,",Hưng L *** ơ,92,92,,1,0,0, ,C, ,,,,,N,00:00.0,Y,,,,EOD1,UBSADMIN,16:03.0,02:15.0,59:59.0,N,B, ,0,0,0,46,,,,345/14/EIB/HDQT,00:00.0,,,,,,,,0,0,,,,N,VND,50000,,N,Y,Y,,Y,VND,22914,DS,DS,,English,,N,N,N,170,,ALL,,0,, ,18,Vietnamese,,,,,,,,,,,,ALL,Y,Y,00:00.0,00:00.0,,, ,1,7,ICT,C,,00:00.0,EXIMVN,t Nam *** m,VN,29, ,N,,,
1511,N, PGD CO DO,4,305,305,1003,BTO,1,Y,47,47,47,"22 Hà  *** ,","Thới T *** ,",92,92,,1,0,0, ,C, ,,,,,N,00:00.0,Y,,,,EOD1,UBSADMIN,01:51.0,02:15.0,59:59.0,N,B, ,0,0,0,47,,,,345/14/EIB/HDQT,00:00.0,,,,,,,,0,0,,,,N,VND,50000,,N,Y,Y,,Y,VND,22918,DS,DS,,English,,N,N,N,125,,ALL,,0,, ,18,Vietnamese,,,,,,,,,,,,ALL,Y,Y,00:00.0,00:00.0,,, ,1,7,ICT,C,,00:00.0,EXIMVN,ện Cờ  *** ơ,VN,29, ,N,,,
1512,N, PGD AN PHU,5,305,305,1003,APO,1,Y,48,48,48,DUONG  *** 4,"ONG XU *** ,",92,0,,1,0,0, ,C, ,,,,,N,00:00.0,Y,,,,EOD1,UBSADMIN,01:10.0,02:15.0,59:59.0,N,B, ,0,0,0,48,,,,345/14/EIB/HDQT,00:00.0,,,,,,,,0,0,,,,N,VND,50000,,N,Y,Y,,Y,VND,22928,DS,DS,,ENGLISH,,N,N,N,153,,ALL,,0,, ,18,VIETNAMESE,,,,,,,,,,,,ALL,Y,Y,00:00.0,00:00.0,,, ,1,7,ICT,C,,00:00.0,EXIMVN,N NINH *** O,VN,29, ,N,,,
1514,N, NGUYEN DU,6,305,305,1003,AHO,1,Y,49,49,49,"số 01  *** ,"," trung *** ,",92,92,,1,0,0, ,C, ,,,,,N,00:00.0,Y,,,,EOD1,UBSADMIN,57:40.0,02:15.0,59:59.0,N,B, ,0,0,0,49,,,,345/14/EIB/HDQT,00:00.0,,,,,,,,0,0,,,,N,VND,50000,,N,Y,Y,,Y,VND,22904,DS,DS,,English,,N,N,N,135,,ALL,,0,, ,18,Vietnamese,,,,,,,,,,,,ALL,Y,Y,00:00.0,00:00.0,,, ,1,7,ICT,C,,00:00.0,EXIMVN,nh phố *** .,VN,29, ,N,,,
1515,N, PGD O MON,3,305,305,1500,NKO,1,Y,50,50,50,"-293 Q *** ,","Châu V *** ,",92,92,,1,0,0, ,C, ,,,,,N,00:00.0,Y,,,,EOD1,UBSADMIN,01:42.0,02:16.0,59:59.0,N,B, ,0,0,0,50,,,,345/14/EIB/HDQT,00:00.0,,,,,,,,0,0,,,,N,VND,50000,,N,Y,Y,,Y,VND,22897,DS,DS,,English,,N,N,N,158,,ALL,,0,, ,18,Vietnamese,,,,,,,,,,,,ALL,Y,Y,00:00.0,00:00.0,,, ,1,7,ICT,C,,00:00.0,EXIMVN,t Nam *** m,VN,29, ,N,,,
1516,N, BINH  THUY,4,305,305,1500,T4O,1,Y,51,51,51,".01-02 *** ,",ình Th *** ơ,92,92,,1,0,0, ,C, ,,,,,N,00:00.0,Y,,,,EOD1,UBSADMIN,15:58.0,02:16.0,59:59.0,N,B, ,0,0,0,51,,,,345/14/EIB/HDQT,00:00.0,,,,,,,,0,0,,,,N,VND,50000,,N,Y,Y,,Y,VND,22933,DS,DS,,English,,N,N,N,177,,ALL,,0,, ,18,Vietnamese,,,,,,,,,,,,ALL,Y,Y,00:00.0,00:00.0,,, ,1,7,ICT,C,,00:00.0,EXIMVN,t Nam *** m,VN,29, ,N,,,
1517,N, PGD VINH THANH,5,305,305,1500,ANO,1,Y,52,52,52,"14-15  *** ,"," trấn  *** ,",92,92,,1,0,0, ,C, ,,,,,N,00:00.0,Y,,,,EOD1,UBSADMIN,16:09.0,02:16.0,59:59.0,N,B, ,0,0,0,52,,,,345/14/EIB/HDQT,00:00.0,,,,,,,,0,0,,,,N,VND,50000,,N,Y,Y,,Y,VND,23051,DS,DS,,English,,N,N,N,181,,ALL,,0,, ,18,Vietnamese,,,,,,,,,,,,ALL,Y,Y,00:00.0,00:00.0,,, ,1,7,ICT,C,,00:00.0,EXIMVN,Cần Th *** m,VN,29, ,N,,,
1518,N, PGD MONG CAI,2,305,305,1501,ABO,1,Y,53,53,53,A LY T *** 5,MY THO *** G,82,82,,1,0,0, ,C, ,,,,,N,00:00.0,Y,,,,EOD1,UBSADMIN,56:40.0,02:16.0,59:59.0,N,B, ,0,0,0,53,,,,345/14/EIB/HDQT,00:00.0,,,,,,,,0,0,,,,N,VND,50000,,N,Y,Y,,Y,VND,22906,DS,DS,,English,,N,N,N,131,,ALL,,0,, ,18,Vietnamese,,,,,,,,,,,,ALL,Y,Y,00:00.0,00:00.0,,, ,1,7,ICT,C,,00:00.0,EXIMVN,h Tiên *** g,VN,29, ,N,,,
1519,N, PGD CAI LAY,3,305,305,1501,CYO,1,Y,54,54,54,"đường  *** ,","ện Cai *** ,",82,82,,1,0,0, ,C, ,,,,,N,00:00.0,Y,,,,EOD1,UBSADMIN,01:40.0,02:16.0,59:59.0,N,B, ,0,0,0,54,,,,345/14/EIB/HDQT,00:00.0,,,,,,,,0,0,,,,N,VND,50000,,N,Y,Y,,Y,VND,22943,DS,DS,,English,,N,N,N,107,,ALL,,0,, ,18,Vietnamese,,,,,,,,,,,,ALL,Y,Y,00:00.0,00:00.0,,, ,1,7,ICT,C,,00:00.0,EXIMVN,h Tiền *** g,VN,29, ,N,,,
1520,N, PGD PHU XUAN,4,305,305,1502,PNO,1,Y,55,55,55,"Trung  *** ,","ện Phú *** ,",89,89,,1,0,0, ,C, ,,,,,N,00:00.0,Y,,,,EOD1,UBSADMIN,55:30.0,02:17.0,59:59.0,N,B, ,0,0,0,55,,,,345/14/EIB/HDQT,00:00.0,,,,,,,,0,0,,,,N,VND,50000,,N,Y,Y,,Y,VND,22936,DS,DS,,English,,N,N,N,71,,ALL,,0,, ,18,Vietnamese,,,,,,,,,,,,ALL,Y,Y,00:00.0,00:00.0,,, ,1,7,ICT,C,,00:00.0,EXIMVN,h An G *** g,VN,29, ,N,,,
1521,N, PGD CHAU PHU,5,305,305,1502,CFO,1,Y,56,56,56,"Trần K *** ,","ện Châ *** ,",89,89,,1,0,0, ,C, ,,,,,N,00:00.0,Y,,,,EOD1,UBSADMIN,01:41.0,02:17.0,59:59.0,N,B, ,0,0,0,56,,,,345/14/EIB/HDQT,00:00.0,,,,,,,,0,0,,,,N,VND,50000,,N,Y,Y,,Y,VND,22934,DS,DS,,English,,N,N,N,81,,ALL,,0,, ,18,Vietnamese,,,,,,,,,,,,ALL,Y,Y,00:00.0,00:00.0,,, ,1,7,ICT,C,,00:00.0,EXIMVN,h An G *** g,VN,29, ,N,,,
1522,N, PGD LONG BIEN,6,305,305,1502,LXO,1,Y,57,57,57,"/4 Trầ *** ,"," Long  *** ,",89,89,,1,0,0, ,C, ,,,,,N,00:00.0,Y,,,,EOD1,UBSADMIN,00:39.0,02:17.0,59:59.0,N,B, ,0,0,0,57,,,,345/14/EIB/HDQT,00:00.0,,,,,,,,0,0,,,,N,VND,50000,,N,Y,Y,,Y,VND,22932,DS,DS,,English,,N,N,N,105,,ALL,,0,, ,18,Vietnamese,,,,,,,,,,,,ALL,Y,Y,00:00.0,00:00.0,,, ,1,7,ICT,C,,00:00.0,EXIMVN,h An G *** g,VN,29, ,N,,,
1523,N, PGD GIA KIEM,1,305,305,1504,NGU,1,Y,212,212,212,o Phon *** i,ac Lie *** u,95,79,,1,0,0, ,C, ,,,,,N,00:00.0,Y,,,,EOD1,UBSADMIN,56:29.0,05:41.0,59:59.0,N,B, ,0,0,0,212,,,,204/EIB/HDQT-07,00:00.0,,,,,,,,0,0,,,,N,VND,50000,,N,Y,Y,,Y,VND,24819,DS,DS,,English,,N,N,N,2,,ALL,,0,, ,18,Vietnamese,,,,,,,,,,,,ALL,Y,Y,00:00.0,00:00.0,,, ,1,7,ICT,C,,00:00.0,EXIMVN,t Nam *** m,VN,29, ,N,,,
1524,N, PGD HOANG QUOC VIET,1,305,305,1505,NGV,1,Y,152,152,152, To 12 *** t,on Dat *** g,91,79,,1,0,0, ,C, ,,,,,N,00:00.0,Y,,,,EOD1,UBSADMIN,57:11.0,02:37.0,59:59.0,N,B, ,0,0,0,210,,,,204/EIB/HDQT-07,00:00.0,,,,,,,,0,0,,,,N,VND,50000,,N,Y,Y,,Y,VND,24826,DS,DS,,English,,N,N,N,2,,ALL,,0,, ,18,Vietnamese,,,,,,,,,,,,ALL,Y,Y,00:00.0,00:00.0,,, ,1,7,ICT,C,,00:00.0,EXIMVN,t Nam *** m,VN,29, ,N,,,
1600,N, NAM DA NANG,1,305,305,1600,HVG,1,Y,58,58,58,"-183 N *** ,",oa Xua *** g,48,48,,1,0,0, ,C, ,,,,,N,00:00.0,Y,,,,EOD1,UBSADMIN,01:34.0,02:17.0,59:59.0,N,B, ,0,0,0,58,,,,345/14/EIB/HDQT,00:00.0,,,,,,,,0,0,,,,N,VND,50000,,N,Y,Y,,Y,VND,23582,DS,DS,,English,,N,N,N,15,,ALL,,0,, ,18,Vietnamese,,,,,,,,,,,,ALL,Y,Y,00:00.0,00:00.0,,, ,1,7,ICT,C,,00:00.0,EXIMVN,t Nam *** m,VN,29, ,N,,,
1601,N, QUANG NGAI,1,305,305,1601,QNG,1,Y,59,59,59,"22 Pha *** ,", Quang *** i,51,51,,1,0,0, ,C, ,,,,,N,00:00.0,Y,,,,EOD1,UBSADMIN,56:09.0,02:17.0,59:59.0,N,B, ,0,0,0,59,,,,177/EIB/HDQT-07,00:00.0,,,,,,,,0,0,,,,N,VND,50000,,N,Y,Y,,Y,VND,23674,DS,DS,,English,,N,N,N,35,,ALL,,0,, ,18,Vietnamese,,,,,,,,,,,,ALL,Y,Y,00:00.0,00:00.0,,, ,1,7,ICT,C,,00:00.0,EXIMVN,t Nam *** m,VN,29, ,N,,,
1602,N, VINH ,1,305,305,1602,VIN,1,Y,60,60,60," nha T *** ,",ung Du *** n,40,40,,1,0,0, ,C, ,,,,,N,00:00.0,Y,,,,EOD1,UBSADMIN,57:40.0,02:18.0,59:59.0,N,B, ,0,0,0,60,,,,183/EIB/HDQT-07,00:00.0,,,,,,,,0,0,,,,N,VND,50000,,N,Y,Y,,Y,VND,23580,DS,DS,,English,,N,N,N,46,,ALL,,0,, ,18,Vietnamese,,,,,,,,,,,,ALL,Y,Y,00:00.0,00:00.0,,, ,1,7,ICT,C,,00:00.0,EXIMVN,t Nam *** m,VN,29, ,N,,,
1603,N, HAI PHONG,1,305,305,1603,HPH,1,Y,61,61,61,"Tran P *** ,",n Ngo  *** g,31,31,,1,0,0, ,C, ,,,,,N,00:00.0,Y,,,,EOD1,UBSADMIN,56:38.0,02:18.0,59:59.0,N,B, ,0,0,0,61,,,,282/EIB/HDQT-07,00:00.0,,,,,,,,0,0,,,,N,VND,50000,,N,Y,Y,,Y,VND,23607,DS,DS,,English,,N,N,N,14,,ALL,,0,, ,18,Vietnamese,,,,,,,,,,,,ALL,Y,Y,00:00.0,00:00.0,,, ,1,7,ICT,C,,00:00.0,EXIMVN,t Nam *** m,VN,29, ,N,,,
1604,N, HUE ,1,305,305,1604,HUE,1,Y,62,62,62," Ly Th *** ,"," Hue,  *** e",46,46,,1,0,0, ,C, ,,,,,N,00:00.0,Y,,,,EOD1,UBSADMIN,56:40.0,02:18.0,59:59.0,N,B, ,0,0,0,62,,,,139/2010/EIB-QD,00:00.0,,,,,,,,0,0,,,,N,VND,50000,,N,Y,Y,,Y,VND,23556,DS,DS,,English,,N,N,N,12,,ALL,,0,, ,18,Vietnamese,,,,,,,,,,,,ALL,Y,Y,00:00.0,00:00.0,,, ,1,7,ICT,C,,00:00.0,EXIMVN,t Nam *** m,VN,29, ,N,,,
1605,N, PGD  CHO LON,2,305,305,1600,CCO,1,Y,63,63,63," Hung  *** ,",n Hai  *** m,48,48,,1,0,0, ,C, ,,,,,N,00:00.0,Y,,,,EOD1,UBSADMIN,56:29.0,02:18.0,59:59.0,N,B, ,0,0,0,63,,,,545/13/EIB/HDQT,00:00.0,,,,,,,,0,0,,,,N,VND,50000,,N,Y,Y,,Y,VND,23538,DS,DS,,English,,N,N,N,55,,ALL,,0,, ,18,Vietnamese,,,,,,,,,,,,ALL,Y,Y,00:00.0,00:00.0,,, ,1,7,ICT,C,,00:00.0,EXIMVN,t Nam *** m,VN,29, ,N,,,
1606,N, PGD HAI CHAU,2,305,305,1002,HCO,1,Y,64,64,64," Hoang *** ,","inh Th *** ,",48,48,,1,0,0, ,C, ,,,,,N,00:00.0,Y,,,,EOD1,UBSADMIN,02:01.0,02:18.0,59:59.0,N,B, ,0,0,0,64,,,,946/15/EIB/KTTH,00:00.0,,,,,,,,0,0,,,,N,VND,50000,,N,Y,Y,,Y,VND,23479,DS,DS,,English,,N,N,N,115,,ALL,,0,, ,18,Vietnamese,,,,,,,,,,,,ALL,Y,Y,00:00.0,00:00.0,,, ,1,7,ICT,C,,00:00.0,EXIMVN, Đà Nẵ *** m,VN,29, ,N,,,
1607,N, PGD HOANG MAI,3,305,305,1002,HNO,1,Y,65,65,65,"Hàm Ng *** ,",n Than *** .,48,48,,1,0,0, ,C, ,,,,,N,00:00.0,Y,,,,EOD1,UBSADMIN,17:41.0,02:19.0,59:59.0,N,B, ,0,0,0,65,,,,345/14/EIB/HDQT,00:00.0,,,,,,,,0,0,,,,N,VND,50000,,N,Y,Y,,Y,VND,22907,DS,DS,,English,,N,N,N,208,,ALL,,0,, ,18,Vietnamese,,,,,,,,,,,,ALL,Y,Y,00:00.0,00:00.0,,, ,1,7,ICT,C,,00:00.0,EXIMVN,t Nam *** m,VN,29, ,N,,,
1608,N, PGD CAM LE,4,305,305,1002,TKO,1,Y,66,66,66,"Xo Vie *** ,",Hai Ch *** g,48,48,,1,0,0, ,C, ,,,,,N,00:00.0,Y,,,,EOD1,UBSADMIN,17:40.0,02:19.0,59:59.0,N,B, ,0,0,0,66,,,,345/14/EIB/HDQT,00:00.0,,,,,,,,0,0,,,,N,VND,50000,,N,Y,Y,,Y,VND,22907,DS,DS,,English,,N,N,N,207,,ALL,,0,, ,18,Vietnamese,,,,,,,,,,,,ALL,Y,Y,00:00.0,00:00.0,,, ,1,7,ICT,C,,00:00.0,EXIMVN, Đà Nẵ *** m,VN,29, ,N,,,
1609,N, PGD SON TRA,5,305,305,1002,STO,1,Y,67,67,67,"4 Ngô  *** ,",Sơn Tr *** g,48,48,,1,0,0, ,C, ,,,,,N,00:00.0,Y,,,,EOD1,UBSADMIN,17:51.0,02:19.0,59:59.0,N,B, ,0,0,0,67,,,,345/14/EIB/HDQT,00:00.0,,,,,,,,0,0,,,,N,VND,50000,,N,Y,Y,,Y,VND,22897,DS,DS,,English,,N,N,N,187,,ALL,,0,, ,18,Vietnamese,,,,,,,,,,,,ALL,Y,Y,00:00.0,00:00.0,,, ,1,7,ICT,C,,00:00.0,EXIMVN,t Nam *** m,VN,29, ,N,,,
1610,N, PGD HA DONG,3,305,305,1600,CUO,1,Y,68,68,68,"18, đư *** ,","ờng Hò *** ,",48,48,,1,0,0, ,C, ,,,,,N,00:00.0,Y,,,,EOD1,UBSADMIN,01:42.0,02:19.0,59:59.0,N,B, ,0,0,0,68,,,,345/14/EIB/HDQT,00:00.0,,,,,,,,0,0,,,,N,VND,50000,,N,Y,Y,,Y,VND,22921,DS,DS,,English,,N,N,N,62,,ALL,,0,, ,18,Vietnamese,,,,,,,,,,,,ALL,Y,Y,00:00.0,00:00.0,,, ,1,7,ICT,C,,00:00.0,EXIMVN,n Hải  *** .,VN,29, ,N,,,
1611,N, PGD DIEN BIEN PHU,4,305,305,1600,DBO,1,Y,69,69,69,"58, đư *** ,","n Than *** ,",48,48,,1,0,0, ,C, ,,,,,N,00:00.0,Y,,,,EOD1,UBSADMIN,01:10.0,02:19.0,59:59.0,N,B, ,0,0,0,69,,,,345/14/EIB/HDQT,00:00.0,,,,,,,,0,0,,,,N,VND,50000,,N,Y,Y,,Y,VND,22998,DS,DS,,English,,N,N,N,54,,ALL,,0,, ,18,Vietnamese,,,,,,,,,,,,ALL,Y,Y,00:00.0,00:00.0,,, ,1,7,ICT,C,,00:00.0,EXIMVN,Đà Nẵn *** .,VN,29, ,N,,,
1612,N, LIEN  THU,5,305,305,1600,TJO,1,Y,70,70,70,"Nguyen *** ,",ien Ch *** g,48,48,,1,0,0, ,C, ,,,,,N,00:00.0,Y,,,,EOD1,UBSADMIN,01:42.0,02:20.0,59:59.0,N,B, ,0,0,0,70,,,,345/14/EIB/HDQT,00:00.0,,,,,,,,0,0,,,,N,VND,50000,,N,Y,Y,,Y,VND,22895,DS,DS,,English,,N,N,N,127,,ALL,,0,, ,18,Vietnamese,,,,,,,,,,,,ALL,Y,Y,00:00.0,00:00.0,,, ,1,7,ICT,C,,00:00.0,EXIMVN, Đà Nẵ *** g,VN,29, ,N,,,
1614,N, TU NGHIA,2,305,305,1601,TPO,1,Y,71,71,71,"53 Phạ *** ,",ư Nghĩ *** i,51,51,,1,0,0, ,C, ,,,,,N,00:00.0,Y,,,,EOD1,UBSADMIN,17:40.0,02:20.0,59:59.0,N,B, ,0,0,0,71,,,,345/14/EIB/HDQT,00:00.0,,,,,,,,0,0,,,,N,VND,50000,,N,Y,Y,,Y,VND,22894,DS,DS,,English,,N,N,N,188,,ALL,,0,, ,18,Vietnamese,,,,,,,,,,,,ALL,Y,Y,00:00.0,00:00.0,,, ,1,7,ICT,C,,00:00.0,EXIMVN,Quảng  *** i,VN,29, ,N,,,
1615,N, PGD THANH CHUONG,2,305,305,1602,T9O,1,Y,72,72,72,"i 4, T *** ,","ện Tha *** ,",40,40,,1,0,0, ,C, ,,,,,N,00:00.0,Y,,,,EOD1,UBSADMIN,01:50.0,02:20.0,59:59.0,N,B, ,0,0,0,72,,,,345/14/EIB/HDQT,00:00.0,,,,,,,,0,0,,,,N,VND,50000,,N,Y,Y,,Y,VND,23001,DS,DS,,English,,N,N,N,148,,ALL,,0,, ,18,Vietnamese,,,,,,,,,,,,ALL,Y,Y,00:00.0,00:00.0,,, ,1,7,ICT,C,,00:00.0,EXIMVN,h Nghệ *** n,VN,29, ,N,,,
1616,N, PGD BAC VINH,3,305,305,1602,BVO,1,Y,73,73,73," Nguyễ *** ,","Vinh, *** ,",40,40,,1,0,0, ,C, ,,,,,N,00:00.0,Y,,,,EOD1,UBSADMIN,17:49.0,02:21.0,59:59.0,N,B, ,0,0,0,73,,,,345/14/EIB/HDQT,00:00.0,,,,,,,,0,0,,,,N,VND,50000,,N,Y,Y,,Y,VND,23006,DS,DS,,English,,N,N,N,202,,ALL,,0,, ,18,Vietnamese,,,,,,,,,,,,ALL,Y,Y,00:00.0,00:00.0,,, ,1,7,ICT,C,,00:00.0,EXIMVN,ệ An *** n,VN,29, ,N,,,
1617,N, PGD H *** H,4,305,305,1602,CKO,1,Y,74,74,74,"Phan Đ *** ,",nh Phố *** n,40,40,,1,0,0, ,C, ,,,,,N,00:00.0,Y,,,,EOD1,UBSADMIN,17:51.0,02:21.0,59:59.0,N,B, ,0,0,0,74,,,,345/14/EIB/HDQT,00:00.0,,,,,,,,0,0,,,,N,VND,50000,,N,Y,Y,,Y,VND,22981,DS,DS,,English,,N,N,N,205,,ALL,,0,, ,18,Vietnamese,,,,,,,,,,,,ALL,Y,Y,00:00.0,00:00.0,,, ,1,7,ICT,C,,00:00.0,EXIMVN,h Nghệ *** n,VN,29, ,N,,,
1618,N, PGD DIEN CHAU,5,305,305,1602,DCO,1,Y,75,75,75,"t số 2 *** ,","ng tâm *** ,",40,40,,1,0,0, ,C, ,,,,,N,00:00.0,Y,,,,EOD1,UBSADMIN,18:12.0,02:21.0,59:59.0,N,B, ,0,0,0,75,,,,345/14/EIB/HDQT,00:00.0,,,,,,,,0,0,,,,N,VND,50000,,N,Y,Y,,Y,VND,22979,DS,DS,,English,,N,N,N,199,,ALL,,0,, ,18,Vietnamese,,,,,,,,,,,,ALL,Y,Y,00:00.0,00:00.0,,, ,1,7,ICT,C,,00:00.0,EXIMVN,ện Diễ *** n,VN,29, ,N,,,
1619,N, PGD DO LUONG,6,305,305,1602,DLO,1,Y,76,76,76,"i 3, t *** ,","ện Đô  *** ,",40,40,,1,0,0, ,C, ,,,,,N,00:00.0,Y,,,,EOD1,UBSADMIN,00:20.0,02:22.0,59:59.0,N,B, ,0,0,0,76,,,,345/14/EIB/HDQT,00:00.0,,,,,,,,0,0,,,,N,VND,50000,,N,Y,Y,,Y,VND,23068,DS,DS,,English,,N,N,N,56,,ALL,,0,, ,18,Vietnamese,,,,,,,,,,,,ALL,Y,Y,00:00.0,00:00.0,,, ,1,7,ICT,C,,00:00.0,EXIMVN,t Nam *** m,VN,29, ,N,,,
1620,N, PGD NAM VINH,7,305,305,1602,NVO,1,Y,77,77,77," Lê Du *** ,","Vinh,  *** ,",40,40,,1,0,0, ,C, ,,,,,N,00:00.0,Y,,,,EOD1,UBSADMIN,17:32.0,02:22.0,59:59.0,N,B, ,0,0,0,77,,,,345/14/EIB/HDQT,00:00.0,,,,,,,,0,0,,,,N,VND,50000,,N,Y,Y,,Y,VND,22976,DS,DS,,English,,N,N,N,195,,ALL,,0,, ,18,Vietnamese,,,,,,,,,,,,ALL,Y,Y,00:00.0,00:00.0,,, ,1,7,ICT,C,,00:00.0,EXIMVN,t Nam *** m,VN,29, ,N,,,
1621,N, PGD YEN THANH,8,305,305,1602,YTO,1,Y,78,78,78,"i 1 th *** ,","ện Yên *** ,",40,40,,1,0,0, ,C, ,,,,,N,00:00.0,Y,,,,EOD1,UBSADMIN,53:50.0,02:22.0,59:59.0,N,B, ,0,0,0,78,,,,345/14/EIB/HDQT,00:00.0,,,,,,,,0,0,,,,N,VND,50000,,N,Y,Y,,Y,VND,23060,DS,DS,,English,,N,N,N,95,,ALL,,0,, ,18,Vietnamese,,,,,,,,,,,,ALL,Y,Y,00:00.0,00:00.0,,, ,1,7,ICT,C,,00:00.0,EXIMVN,t Nam *** m,VN,29, ,N,,,
1622,N, PGD THAI PHIEN,2,305,305,1603,LYO,1,Y,79,79,79," tiền  *** ,","Thủy S *** ,",31,31,,1,0,0, ,C, ,,,,,N,00:00.0,Y,,,,EOD1,UBSADMIN,01:11.0,02:22.0,59:59.0,N,B, ,0,0,0,79,,,,345/14/EIB/HDQT,00:00.0,,,,,,,,0,0,,,,N,VND,50000,,N,Y,Y,,Y,VND,23090,DS,DS,,English,,N,N,N,39,,ALL,,0,, ,18,Vietnamese,,,,,,,,,,,,ALL,Y,Y,00:00.0,00:00.0,,, ,1,7,ICT,C,,00:00.0,EXIMVN, Hải P *** m,VN,29, ,N,,,
1623,N, PGD NOMURA ,3,305,305,1603,NRO,1,Y,80,80,80,"g phụ  *** ,","Tân Ti *** ,",31,31,,1,0,0, ,C, ,,,,,N,00:00.0,Y,,,,EOD1,UBSADMIN,56:29.0,02:22.0,59:59.0,N,B, ,0,0,0,80,,,,345/14/EIB/HDQT,00:00.0,,,,,,,,0,0,,,,N,VND,50000,,N,Y,Y,,Y,VND,23123,DS,DS,,English,,N,N,N,44,,ALL,,0,, ,18,Vietnamese,,,,,,,,,,,,ALL,Y,Y,00:00.0,00:00.0,,, ,1,7,ICT,C,,00:00.0,EXIMVN, Hải P *** m,VN,29, ,N,,,
1624,N, LE CHI THANH,4,305,305,1603,TOO,1,Y,81,81,81,"-286 T *** ,",e Chan *** g,31,31,,1,0,0, ,C, ,,,,,N,00:00.0,Y,,,,EOD1,UBSADMIN,56:10.0,02:23.0,59:59.0,N,B, ,0,0,0,81,,,,345/14/EIB/HDQT,00:00.0,,,,,,,,0,0,,,,N,VND,50000,,N,Y,Y,,Y,VND,23023,DS,DS,,English,,N,N,N,101,,ALL,,0,, ,18,Vietnamese,,,,,,,,,,,,ALL,Y,Y,00:00.0,00:00.0,,, ,1,7,ICT,C,,00:00.0,EXIMVN,t Nam *** m,VN,29, ,N,,,
1625,N, PGD BACH DANG,5,305,305,1603,T2O,1,Y,82,82,82,"35 BH0 *** ,",hượng  *** g,31,31,,1,0,0, ,C, ,,,,,N,00:00.0,Y,,,,EOD1,UBSADMIN,01:21.0,02:23.0,59:59.0,N,B, ,0,0,0,82,,,,345/14/EIB/HDQT,00:00.0,,,,,,,,0,0,,,,N,VND,50000,,N,Y,Y,,Y,VND,22987,DS,DS,,English,,N,N,N,130,,ALL,,0,, ,18,Vietnamese,,,,,,,,,,,,ALL,Y,Y,00:00.0,00:00.0,,, ,1,7,ICT,C,,00:00.0,EXIMVN,t Nam *** m,VN,29, ,N,,,
1626,N, PGD HAM NGHI,1,305,305,1604,NGP,1,Y,216,216,216,"1 Nguy *** ,",Huong  *** H,46,79,,1,0,0, ,C, ,,,,,N,00:00.0,Y,,,,EOD1,UBSADMIN,56:28.0,16:04.0,59:59.0,N,B, ,0,0,0,216,,,,204/EIB/HDQT-07,00:00.0,,,,,,,,0,0,,,,N,VND,50000,,N,Y,Y,,Y,VND,24821,DS,DS,,English,,N,N,N,2,,ALL,,0,, ,18,Vietnamese,,,,,,,,,,,,ALL,Y,Y,00:00.0,00:00.0,,, ,1,7,ICT,C,,00:00.0,EXIMVN,t Nam *** m,VN,29, ,N,,,
1700,N, BA DINH,1,305,305,1700,LHA,1,Y,83,83,83,"ng 1+3 *** ,",Cat Li *** m,1,1,,1,0,0, ,C, ,,,,,N,00:00.0,Y,,,,EOD1,UBSADMIN,00:01.0,02:23.0,59:59.0,N,B, ,0,0,0,83,,,,345/14/EIB/HDQT,00:00.0,,,,,,,,0,0,,,,N,VND,50000,,N,Y,Y,,Y,VND,23724,DS,DS,,English,,N,N,N,33,,ALL,,0,, ,18,Vietnamese,,,,,,,,,,,,ALL,Y,Y,00:00.0,00:00.0,,, ,1,7,ICT,C,,00:00.0,EXIMVN,t Nam *** m,VN,29, ,N,,,
1701,N, LONG  BIE N,1,305,305,1701,LBN,1,Y,84,84,84," Nguye *** ,",n Long *** i,1,1,,1,0,0, ,C, ,,,,,N,00:00.0,Y,,,,EOD1,UBSADMIN,01:59.0,02:23.0,59:59.0,N,B, ,0,0,0,84,,,,345/14/EIB/HDQT,00:00.0,,,,,,,,0,0,,,,N,VND,50000,,N,Y,Y,,Y,VND,25166,DS,DS,,English,,N,N,N,31,,ALL,,0,, ,18,Vietnamese,,,,,,,,,,,,ALL,Y,Y,00:00.0,00:00.0,,, ,1,7,ICT,C,,00:00.0,EXIMVN,t Nam *** m,VN,29, ,N,,,
1702,N, THU DO,1,305,305,1702,HBT,1,Y,85,85,85," Giai  *** ,",huong  *** i,1,1,,1,0,0, ,C, ,,,,,N,00:00.0,Y,,,,EOD1,UBSADMIN,01:11.0,02:23.0,59:59.0,N,B, ,0,0,0,85,,,,345/14/EIB/HDQT,00:00.0,,,,,,,,0,0,,,,N,VND,50000,,N,Y,Y,,Y,VND,24197,DS,DS,,English,,N,N,N,21,,ALL,,0,, ,18,Vietnamese,,,,,,,,,,,,ALL,Y,Y,00:00.0,00:00.0,,, ,1,7,ICT,C,,00:00.0,EXIMVN,t Nam *** m,VN,29, ,N,,,
1703,N, DONG  A,1,305,305,1703,DDA,1,Y,86,86,86,"ng 1 + *** ,",rung L *** i,1,1,,1,0,0, ,C, ,,,,,N,00:00.0,Y,,,,EOD1,UBSADMIN,58:50.0,02:24.0,59:59.0,N,B, ,0,0,0,86,,,,283/EIB/HDQT-07,00:00.0,,,,,,,,0,0,,,,N,VND,50000,,N,Y,Y,,Y,VND,23568,DS,DS,,English,,N,N,N,45,,ALL,,0,, ,18,Vietnamese,,,,,,,,,,,,ALL,Y,Y,00:00.0,00:00.0,,, ,1,7,ICT,C,,00:00.0,EXIMVN,t Nam *** m,VN,29, ,N,,,
1704,N, CAU GIAY,1,305,305,1704,CGY,1,Y,87,87,87,"g1 va  *** ,",ng Quo *** i,1,1,,1,0,0, ,C, ,,,,,N,00:00.0,Y,,,,EOD1,UBSADMIN,54:18.0,02:24.0,59:59.0,N,B, ,0,0,0,87,,,,284/EIB/HDQT-07,00:00.0,,,,,,,,0,0,,,,N,VND,50000,,N,Y,Y,,Y,VND,24101,DS,DS,,English,,N,N,N,34,,ALL,,0,, ,18,Vietnamese,,,,,,,,,,,,ALL,Y,Y,00:00.0,00:00.0,,, ,1,7,ICT,C,,00:00.0,EXIMVN,t Nam *** m,VN,29, ,N,,,
1705,N, PGD TAY HO,2,305,305,1001,THO,1,Y,88,88,88," Lac L *** ,",n Tay  *** m,1,1,,1,0,0, ,C, ,,,,,N,00:00.0,Y,,,,EOD1,UBSADMIN,58:59.0,02:24.0,59:59.0,N,B, ,0,0,0,88,,,,545/13/EIB/HDQT,00:00.0,,,,,,,,0,0,,,,N,VND,50000,,N,Y,Y,,Y,VND,23589,DS,DS,,English,,N,N,N,161,,ALL,,0,, ,18,Vietnamese,,,,,,,,,,,,ALL,Y,Y,00:00.0,00:00.0,,, ,1,7,ICT,C,,00:00.0,EXIMVN,t Nam *** m,VN,29, ,N,,,
1706,N, GIA LAM,2,305,305,1701,NAO,1,Y,89,89,89,"85-87  *** ,",Trau Q *** i,1,1,,1,0,0, ,C, ,,,,,N,00:00.0,Y,,,,EOD1,UBSADMIN,59:40.0,02:24.0,59:59.0,N,B, ,0,0,0,89,,,,545/13/EIB/HDQT,00:00.0,,,,,,,,0,0,,,,N,VND,50000,,N,Y,Y,,Y,VND,23540,DS,DS,,English,,N,N,N,49,,ALL,,0,, ,18,Vietnamese,,,,,,,,,,,,ALL,Y,Y,00:00.0,00:00.0,,, ,1,7,ICT,C,,00:00.0,EXIMVN,"Nội, V *** m",VN,29, ,N,,,
1707,N, PGD HA LONG,2,305,305,1700,HFO,1,Y,90,90,90," Pho H *** ,",n Hoan *** m,1,1,,1,0,0, ,C, ,,,,,N,00:00.0,Y,,,,EOD1,UBSADMIN,01:21.0,02:24.0,59:59.0,N,B, ,0,0,0,90,,,,545/13/EIB/HDQT,00:00.0,,,,,,,,0,0,,,,N,VND,50000,,N,Y,Y,,Y,VND,23610,DS,DS,,English,,N,N,N,104,,ALL,,0,, ,18,Vietnamese,,,,,,,,,,,,ALL,Y,Y,00:00.0,00:00.0,,, ,1,7,ICT,C,,00:00.0,EXIMVN,"Nội, V *** m",VN,29, ,N,,,
1708,N, PGD NAM PHUOC,2,305,305,1702,NSO,1,Y,91,91,91," nha S *** ,",n Cau  *** m,1,1,,1,0,0, ,C, ,,,,,N,00:00.0,Y,,,,EOD1,UBSADMIN,57:51.0,02:25.0,59:59.0,N,B, ,0,0,0,91,,,,454/13/EIB/HDQT,00:00.0,,,,,,,,0,0,,,,N,VND,50000,,N,Y,Y,,Y,VND,23562,DS,DS,,English,,N,N,N,74,,ALL,,0,, ,18,Vietnamese,,,,,,,,,,,,ALL,Y,Y,00:00.0,00:00.0,,, ,1,7,ICT,C,,00:00.0,EXIMVN,"Nội, V *** m",VN,29, ,N,,,
1709,N, PGD VO TH. TRANG,3,305,305,1701,DHO,1,Y,92,92,92," TMDV  *** ,", Huy M *** i,1,1,,1,0,0, ,C, ,,,,,N,00:00.0,Y,,,,EOD1,UBSADMIN,16:59.0,02:25.0,59:59.0,N,B, ,0,0,0,92,,,,5662/14/EIB/TB,00:00.0,,,,,,,,0,0,,,,N,VND,50000,,N,Y,Y,,Y,VND,24221,DS,DS,,English,,N,N,N,206,,ALL,,0,, ,18,Vietnamese,,,,,,,,,,,,ALL,Y,Y,00:00.0,00:00.0,,, ,1,7,ICT,C,,00:00.0,EXIMVN,Hà Nội *** m,VN,29, ,N,,,
1710,N, THANH DINH,2,305,305,1703,DTO,1,Y,93,93,93,"g1,Vin *** ,",hanh X *** i,1,1,,1,0,0, ,C, ,,,,,N,00:00.0,Y,,,,EOD1,UBSADMIN,16:39.0,02:25.0,59:59.0,N,B, ,0,0,0,93,,,,5784/14/EIB/TB,00:00.0,,,,,,,,0,0,,,,N,VND,50000,,N,Y,Y,,Y,VND,23462,DS,DS,,English,,N,N,N,182,,ALL,,0,, ,18,Vietnamese,,,,,,,,,,,,ALL,Y,Y,00:00.0,00:00.0,,, ,1,7,ICT,C,,00:00.0,EXIMVN,Hà Nội *** m,VN,29, ,N,,,
1711,N, DAN PHUONG,3,305,305,1704,TIO,1,Y,94,94,94,g 1 va *** n,h Phun *** i,1,1005,,1,0,0, ,C, ,,,,,N,00:00.0,Y,,,,EOD1,UBSADMIN,17:41.0,02:25.0,59:59.0,N,B, ,0,0,0,94,,,,5784/14/EIB/TB,00:00.0,,,,,,,,0,0,,,,N,VND,50000,,N,Y,Y,,Y,VND,24195,DS,DS,,ENGLISH,,N,N,N,196,,ALL,,0,, ,18,VIETNAMESE,,,,,,,,,,,,ALL,Y,Y,00:00.0,00:00.0,,, ,1,7,ICT,C,,00:00.0,EXIMVN,HA NOI *** M,VN,29, ,N,,,
1712,N, DONG  THANH,3,305,305,1702,TSO,1,Y,95,95,95,"-185 K *** ,",ong An *** i,1,1,,1,0,0, ,C, ,,,,,N,00:00.0,Y,,,,EOD1,UBSADMIN,01:21.0,02:25.0,59:59.0,N,B, ,0,0,0,95,,,,5784/14/EIB/TB,00:00.0,,,,,,,,0,0,,,,N,VND,50000,,N,Y,Y,,Y,VND,23581,DS,DS,,English,,N,N,N,73,,ALL,,0,, ,18,Vietnamese,,,,,,,,,,,,ALL,Y,Y,00:00.0,00:00.0,,, ,1,7,ICT,C,,00:00.0,EXIMVN,t Nam *** m,VN,29, ,N,,,
1715,N, PGD NG CHI  THANH,3,305,305,1001,PVO,1,Y,96,96,96," Nguye *** ,",ang Ha *** m,1,1,,1,0,0, ,C, ,,,,,N,00:00.0,Y,,,,EOD1,UBSADMIN,59:50.0,02:26.0,59:59.0,N,B, ,0,0,0,96,,,,5784/14/EIB/TB,00:00.0,,,,,,,,0,0,,,,N,VND,50000,,N,Y,Y,,Y,VND,23531,DS,DS,,English,,N,N,N,84,,ALL,,0,, ,18,Vietnamese,,,,,,,,,,,,ALL,Y,Y,00:00.0,00:00.0,,, ,1,7,ICT,C,,00:00.0,EXIMVN,t Nam *** m,VN,29, ,N,,,
1716,N, PGD LE QUANG GUOI,4,305,305,1001,KTO,1,Y,97,97,97,"Ly Thu *** ,","han Ch *** ,",1,1,,1,0,0, ,C, ,,,,,N,00:00.0,Y,,,,EOD1,UBSADMIN,01:29.0,02:26.0,59:59.0,N,B, ,0,0,0,97,,,,5784/14/EIB/TB,00:00.0,,,,,,,,0,0,,,,N,VND,50000,,N,Y,Y,,Y,VND,23527,DS,DS,,English,,N,N,N,77,,ALL,,0,, ,18,Vietnamese,,,,,,,,,,,,ALL,Y,Y,00:00.0,00:00.0,,, ,1,7,ICT,C,,00:00.0,EXIMVN,Hà Nội *** m,VN,29, ,N,,,
1717,N, PGD BAC TU LIEM,5,305,305,1001,XDO,1,Y,98,98,98," D5A-1 *** ,",uan Ta *** i,1,1,,1,0,0, ,C, ,,,,,N,00:00.0,Y,,,,EOD1,UBSADMIN,17:09.0,02:26.0,59:59.0,N,B, ,0,0,0,98,,,,5784/14/EIB/TB,00:00.0,,,,,,,,0,0,,,,N,VND,50000,,N,Y,Y,,Y,VND,24013,DS,DS,,English,,N,N,N,201,,ALL,,0,, ,18,Vietnamese,,,,,,,,,,,,ALL,Y,Y,00:00.0,00:00.0,,, ,1,7,ICT,C,,00:00.0,EXIMVN,Hà Nội *** m,VN,29, ,N,,,
1718,N, PGD BA TRIEU,6,305,305,1001,TRO,1,Y,99,99,99,"Pho Th *** ,",n Hai  *** i,1,1,,1,0,0, ,C, ,,,,,N,00:00.0,Y,,,,EOD1,UBSADMIN,16:29.0,02:26.0,59:59.0,N,B, ,0,0,0,99,,,,5784/14/EIB/TB,00:00.0,,,,,,,,0,0,,,,N,VND,50000,,N,Y,Y,,Y,VND,23472,DS,DS,,English,,N,N,N,179,,ALL,,0,, ,18,Vietnamese,,,,,,,,,,,,ALL,Y,Y,00:00.0,00:00.0,,, ,1,7,ICT,C,,00:00.0,EXIMVN,t Nam *** m,VN,29, ,N,,,
1719,N, PGD MY DINH,3,305,305,1700,MDO,1,Y,100,100,100,"Lang H *** ,","ong La *** ,",1,1,,1,0,0, ,C, ,,,,,N,00:00.0,Y,,,,EOD1,UBSADMIN,17:36.0,02:26.0,59:59.0,N,B, ,0,0,0,100,,,,5784/14/EIB/TB,00:00.0,,,,,,,,0,0,,,,N,VND,50000,,N,Y,Y,,Y,VND,23764,DS,DS,,English,,N,N,N,185,,ALL,,0,, ,18,Vietnamese,,,,,,,,,,,,ALL,Y,Y,00:00.0,00:00.0,,, ,1,7,ICT,C,,00:00.0,EXIMVN, Hà Nộ *** m,VN,29, ,N,,,
1720,N, PGD HANG BONG,4,305,305,1703,HAO,1,Y,101,101,101,"pho Qu *** ,","ong Qu *** ,",1,1,,1,0,0, ,C, ,,,,,N,00:00.0,Y,,,,EOD1,UBSADMIN,55:19.0,02:27.0,59:59.0,N,B, ,0,0,0,101,,,,946/15/EIB/KTTH,00:00.0,,,,,,,,0,0,,,,N,VND,50000,,N,Y,Y,,Y,VND,23457,DS,DS,,English,,N,N,N,156,,ALL,,0,, ,18,Vietnamese,,,,,,,,,,,,ALL,Y,Y,00:00.0,00:00.0,,, ,1,7,ICT,C,,00:00.0,EXIMVN, Hà Nộ *** m,VN,29, ,N,,,
1721,N, PGD KIM BIEN,5,305,305,1703,KLO,1,Y,102,102,102,"27, Xa *** ,","ong Ph *** ,",1,1,,1,0,0, ,C, ,,,,,N,00:00.0,Y,,,,EOD1,UBSADMIN,16:30.0,02:27.0,59:59.0,N,B, ,0,0,0,102,,,,946/15/EIB/KTTH,00:00.0,,,,,,,,0,0,,,,N,VND,50000,,N,Y,Y,,Y,VND,23465,DS,DS,,English,,N,N,N,183,,ALL,,0,, ,18,Vietnamese,,,,,,,,,,,,ALL,Y,Y,00:00.0,00:00.0,,, ,1,7,ICT,C,,00:00.0,EXIMVN, Hà Nộ *** m,VN,29, ,N,,,
1722,N, VAN PHU,4,305,305,1700,CAO,1,Y,103,103,103,"-CT1,K *** ,","hu La, *** m",1,1,,1,0,0, ,C, ,,,,,N,00:00.0,Y,,,,EOD1,UBSADMIN,17:22.0,02:27.0,59:59.0,N,B, ,0,0,0,103,,,,946/15/EIB/KTTH,00:00.0,,,,,,,,0,0,,,,N,VND,50000,,N,Y,Y,,Y,VND,23474,DS,DS,,English,,N,N,N,193,,ALL,,0,, ,18,Vietnamese,,,,,,,,,,,,ALL,Y,Y,00:00.0,00:00.0,,, ,1,7,ICT,C,,00:00.0,EXIMVN, Hà Nộ *** m,VN,29, ,N,,,
1723,N, PGD TX THAI HOA,5,305,305,1700,TGO,1,Y,104,104,104," Nguye *** ,"," Do th *** ,",1,1,,1,0,0, ,C, ,,,,,N,00:00.0,Y,,,,EOD1,UBSADMIN,58:20.0,02:27.0,59:59.0,N,B, ,0,0,0,104,,,,946/15/EIB/KTTH,00:00.0,,,,,,,,0,0,,,,N,VND,50000,,N,Y,Y,,Y,VND,23486,DS,DS,,English,,N,N,N,126,,ALL,,0,, ,18,Vietnamese,,,,,,,,,,,,ALL,Y,Y,00:00.0,00:00.0,,, ,1,7,ICT,C,,00:00.0,EXIMVN, Hà Nộ *** m,VN,29, ,N,,,
1724,N, PGD THANG LONG,6,305,305,1700,TLO,1,Y,105,105,105,"ng Tam *** ,"," Thang *** ,",1,1,,1,0,0, ,C, ,,,,,N,00:00.0,Y,,,,EOD1,UBSADMIN,57:40.0,02:27.0,59:59.0,N,B, ,0,0,0,105,,,,946/15/EIB/KTTH,00:00.0,,,,,,,,0,0,,,,N,VND,50000,,N,Y,Y,,Y,VND,23532,DS,DS,,English,,N,N,N,52,,ALL,,0,, ,18,Vietnamese,,,,,,,,,,,,ALL,Y,Y,00:00.0,00:00.0,,, ,1,7,ICT,C,,00:00.0,EXIMVN, Hà Nộ *** m,VN,29, ,N,,,
1725,N, PGD TRUONG SON,7,305,305,1700,TYO,1,Y,106,106,106," Trung *** ,","rung H *** ,",1,1,,1,0,0, ,C, ,,,,,N,00:00.0,Y,,,,EOD1,UBSADMIN,17:26.0,02:28.0,59:59.0,N,B, ,0,0,0,106,,,,946/15/EIB/KTTH,00:00.0,,,,,,,,0,0,,,,N,VND,50000,,N,Y,Y,,Y,VND,23510,DS,DS,,English,,N,N,N,184,,ALL,,0,, ,18,Vietnamese,,,,,,,,,,,,ALL,Y,Y,00:00.0,00:00.0,,, ,1,7,ICT,C,,00:00.0,EXIMVN, Hà Nộ *** m,VN,29, ,N,,,
1726,N, PGD HUNG NGUYEN,7,305,305,1001,HTO,1,Y,107,107,107,"Hang T *** ,",n Ba D *** m,1,1,,1,0,0, ,C, ,,,,,N,00:00.0,Y,,,,EOD1,UBSADMIN,16:42.0,02:28.0,59:59.0,N,B, ,0,0,0,107,,,,946/15/EIB/KTTH,00:00.0,,,,,,,,0,0,,,,N,VND,50000,,N,Y,Y,,Y,VND,24170,DS,DS,,English,,N,N,N,192,,ALL,,0,, ,18,Vietnamese,,,,,,,,,,,,ALL,Y,Y,00:00.0,00:00.0,,, ,1,7,ICT,C,,00:00.0,EXIMVN, Hà Nộ *** m,VN,29, ,N,,,
1727,N, PGD BACH MAI,8,305,305,1001,MBO,1,Y,108,108,108," Bach  *** ,","au Den *** ,",1,1,,1,0,0, ,C, ,,,,,N,00:00.0,Y,,,,EOD1,UBSADMIN,17:17.0,02:28.0,59:59.0,N,B, ,0,0,0,108,,,,946/15/EIB/KTTH,00:00.0,,,,,,,,0,0,,,,N,VND,50000,,N,Y,Y,,Y,VND,23761,DS,DS,,English,,N,N,N,186,,ALL,,0,, ,18,Vietnamese,,,,,,,,,,,,ALL,Y,Y,00:00.0,00:00.0,,, ,1,7,ICT,C,,00:00.0,EXIMVN,Hà Nội *** m,VN,29, ,N,,,
1728,N, PGD NGUYEN DU,9,305,305,1001,NDO,1,Y,109,109,109," nha 7 *** ,","ui Thi *** ,",1,1,,1,0,0, ,C, ,,,,,N,00:00.0,Y,,,,EOD1,UBSADMIN,17:40.0,02:28.0,59:59.0,N,B, ,0,0,0,109,,,,946/15/EIB/KTTH,00:00.0,,,,,,,,0,0,,,,N,VND,50000,,N,Y,Y,,Y,VND,23459,DS,DS,,English,,N,N,N,203,,ALL,,0,, ,18,Vietnamese,,,,,,,,,,,,ALL,Y,Y,00:00.0,00:00.0,,, ,1,7,ICT,C,,00:00.0,EXIMVN, Hà Nộ *** m,VN,29, ,N,,,
1729,N, PGD DONG XUAN,4,305,305,1701,DXO,1,Y,110,110,110,"Hang B *** ,","ang Bo *** ,",1,1,,1,0,0, ,C, ,,,,,N,00:00.0,Y,,,,EOD1,UBSADMIN,17:41.0,02:28.0,59:59.0,N,B, ,0,0,0,110,,,,946/15/EIB/KTTH,00:00.0,,,,,,,,0,0,,,,N,VND,50000,,N,Y,Y,,Y,VND,23473,DS,DS,,English,,N,N,N,197,,ALL,,0,, ,18,Vietnamese,,,,,,,,,,,,ALL,Y,Y,00:00.0,00:00.0,,, ,1,7,ICT,C,,00:00.0,EXIMVN, Hà Nộ *** m,VN,29, ,N,,,
1730,N, PGD LO DUC,5,305,305,1701,LDO,1,Y,111,111,111,"Lo Duc *** ,","ham Di *** ,",1,1,,1,0,0, ,C, ,,,,,N,00:00.0,Y,,,,EOD1,UBSADMIN,59:49.0,02:29.0,59:59.0,N,B, ,0,0,0,111,,,,946/15/EIB/KTTH,00:00.0,,,,,,,,0,0,,,,N,VND,50000,,N,Y,Y,,Y,VND,23821,DS,DS,,English,,N,N,N,102,,ALL,,0,, ,18,Vietnamese,,,,,,,,,,,,ALL,Y,Y,00:00.0,00:00.0,,, ,1,7,ICT,C,,00:00.0,EXIMVN, Hà Nộ *** m,VN,29, ,N,,,
1800,N, BINH  GIANG,1,305,305,1800,BDG,1,Y,113,113,113," Dai l *** ,", Thu D *** g,74,74,,1,0,0, ,C, ,,,,,N,00:00.0,Y,,,,EOD1,UBSADMIN,00:21.0,02:29.0,59:59.0,N,B, ,0,0,0,113,,,,31/EIB/HDQT-07,00:00.0,,,,,,,,0,0,,,,N,VND,50000,,N,Y,Y,,Y,VND,23777,DS,DS,,English,,N,N,N,6,,ALL,,0,, ,18,Vietnamese,,,,,,,,,,,,ALL,Y,Y,00:00.0,00:00.0,,, ,1,7,ICT,C,,00:00.0,EXIMVN,t Nam *** m,VN,29, ,N,,,
1801,N, DONG  HOI,1,305,305,1801,DNI,1,Y,114,114,114," Ha Hu *** ,","uyet T *** ,",75,75,,1,0,0, ,C, ,,,,,N,00:00.0,Y,,,,EOD1,UBSADMIN,02:00.0,02:29.0,59:59.0,N,B, ,0,0,0,114,,,,176/EIB/HDQT-07,00:00.0,,,,,,,,0,0,,,,N,VND,50000,,N,Y,Y,,Y,VND,24725,DS,DS,,English,,N,N,N,16,,ALL,,0,, ,18,Vietnamese,,,,,,,,,,,,ALL,Y,Y,00:00.0,00:00.0,,, ,1,7,ICT,C,,00:00.0,EXIMVN,h Dong *** m,VN,29, ,N,,,
1802,N, THU DUC,1,305,305,1802,TDC,1,Y,115,115,115,"A Vo V *** ,",Thu Du *** M,79,79,,1,0,0, ,C, ,,,,,N,00:00.0,Y,,,,EOD1,UBSADMIN,59:50.0,02:29.0,59:59.0,N,B, ,0,0,0,115,,,,182/EIB/HDQT-07,00:00.0,,,,,,,,0,0,,,,N,VND,50000,,N,Y,Y,,Y,VND,25128,DS,DS,,English,,N,N,N,17,,ALL,,0,, ,18,Vietnamese,,,,,,,,,,,,ALL,Y,Y,00:00.0,00:00.0,,, ,1,7,ICT,C,,00:00.0,EXIMVN,t Nam *** m,VN,29, ,N,,,
1803,N, BA RIA VUNG TAU,1,305,305,1803,BRA,1,Y,116,116,116,"Tran H *** ,", Vung  *** u,77,77,,1,0,0, ,C, ,,,,,N,00:00.0,Y,,,,EOD1,UBSADMIN,01:31.0,02:30.0,59:59.0,N,B, ,0,0,0,116,,,,292/2008/EIB/QD,00:00.0,,,,,,,,0,0,,,,N,VND,50000,,N,Y,Y,,Y,VND,23848,DS,DS,,English,,N,N,N,41,,ALL,,0,, ,18,Vietnamese,,,,,,,,,,,,ALL,Y,Y,00:00.0,00:00.0,,, ,1,7,ICT,C,,00:00.0,EXIMVN,t Nam *** m,VN,29, ,N,,,
1804,N, PGD LONG KHANH,2,305,305,1801,LKO,1,Y,117,117,117," Hung  *** ,", Long  *** i,75,75,,1,0,0, ,C, ,,,,,N,00:00.0,Y,,,,EOD1,UBSADMIN,59:58.0,02:30.0,59:59.0,N,B, ,0,0,0,117,,,,545/13/EIB/HDQT,00:00.0,,,,,,,,0,0,,,,N,VND,50000,,N,Y,Y,,Y,VND,23576,DS,DS,,English,,N,N,N,42,,ALL,,0,, ,18,Vietnamese,,,,,,,,,,,,ALL,Y,Y,00:00.0,00:00.0,,, ,1,7,ICT,C,,00:00.0,EXIMVN,t Nam *** m,VN,29, ,N,,,
1805,N, BINH  PHUOC,1,305,305,1805,BPC,1,Y,118,118,118,"M ITC- *** ,",AN BIN *** C,70,70,,1,0,0, ,C, ,,,,,N,00:00.0,Y,,,,EOD1,UBSADMIN,57:20.0,02:30.0,59:59.0,N,B, ,0,0,0,118,,,,07D/14/EIB/HDQT,00:00.0,,,,,,,,0,0,,,,N,VND,50000,,N,Y,Y,,Y,VND,24802,DS,DS,,English,,N,N,N,82,,ALL,,0,, ,18,Vietnamese,,,,,,,,,,,,ALL,Y,Y,00:00.0,00:00.0,,, ,1,7,ICT,C,,00:00.0,EXIMVN,t Nam *** m,VN,29, ,N,,,
1806,N, PGD HANG BONG,2,305,305,1004,HBO,1,Y,119,119,119," Hong  *** ,","n 5, T *** m",79,79,,1,0,0, ,C, ,,,,,N,00:00.0,Y,,,,EOD1,UBSADMIN,15:58.0,02:30.0,59:59.0,N,B, ,0,0,0,119,,,,345/14/EIB/HDQT,00:00.0,,,,,,,,0,0,,,,N,VND,50000,,N,Y,Y,,Y,VND,23489,DS,DS,,English,,N,N,N,178,,ALL,,0,, ,18,Vietnamese,,,,,,,,,,,,ALL,Y,Y,00:00.0,00:00.0,,, ,1,7,ICT,C,,00:00.0,EXIMVN,t Nam *** m,VN,29, ,N,,,
1807,N, PGD KIM LIEN,3,305,305,1004,KBO,1,Y,120,120,120,"-105 C *** ,","n 5, T *** M",79,79,,1,0,0, ,C, ,,,,,N,00:00.0,Y,,,,EOD1,UBSADMIN,01:21.0,02:30.0,59:59.0,N,B, ,0,0,0,120,,,,345/14/EIB/HDQT,00:00.0,,,,,,,,0,0,,,,N,VND,50000,,N,Y,Y,,Y,VND,23470,DS,DS,,English,,N,N,N,163,,ALL,,0,, ,18,Vietnamese,,,,,,,,,,,,ALL,Y,Y,00:00.0,00:00.0,,, ,1,7,ICT,C,,00:00.0,EXIMVN,t Nam *** m,VN,29, ,N,,,
1808,N, PHAM  HUNG,4,305,305,1004,ADO,1,Y,121,121,121,"ck S,L *** ,",ình Hư *** M,79,79,,1,0,0, ,C, ,,,,,N,00:00.0,Y,,,,EOD1,UBSADMIN,01:40.0,02:31.0,59:59.0,N,B, ,0,0,0,121,,,,345/14/EIB/HDQT,00:00.0,,,,,,,,0,0,,,,N,VND,50000,,N,Y,Y,,Y,VND,23477,DS,DS,,English,,N,N,N,142,,ALL,,0,, ,18,Vietnamese,,,,,,,,,,,,ALL,Y,Y,00:00.0,00:00.0,,, ,1,7,ICT,C,,00:00.0,EXIMVN,t Nam *** m,VN,29, ,N,,,
1809,N, Tran  TRAO,2,305,305,1802,D2O,1,Y,122,122,122," Trần  *** ,",Thủ Đứ *** m,79,79,,1,0,0, ,C, ,,,,,N,00:00.0,Y,,,,EOD1,UBSADMIN,00:31.0,02:31.0,59:59.0,N,B, ,0,0,0,122,,,,345/14/EIB/HDQT,00:00.0,,,,,,,,0,0,,,,N,VND,50000,,N,Y,Y,,Y,VND,24243,DS,DS,,English,,N,N,N,85,,ALL,,0,, ,18,Vietnamese,,,,,,,,,,,,ALL,Y,Y,00:00.0,00:00.0,,, ,1,7,ICT,C,,00:00.0,EXIMVN,t Nam *** m,VN,29, ,N,,,
1810,N, PGD LE VAN NINH,3,305,305,1802,LNO,1,Y,123,123,123,"Le Van *** ,","Linh T *** ,",79,79,,1,0,0, ,C, ,,,,,N,00:00.0,Y,,,,EOD1,UBSADMIN,01:31.0,02:31.0,59:59.0,N,B, ,0,0,0,123,,,,345/14/EIB/HDQT,00:00.0,,,,,,,,0,0,,,,N,VND,50000,,N,Y,Y,,Y,VND,23462,DS,DS,,English,,N,N,N,136,,ALL,,0,, ,18,Vietnamese,,,,,,,,,,,,ALL,Y,Y,00:00.0,00:00.0,,, ,1,7,ICT,C,,00:00.0,EXIMVN,t Nam *** m,VN,29, ,N,,,
1811,N, PGD TRANG BOM,3,305,305,1801,BOO,1,Y,124,124,124," ap An *** ,","en Tra *** ,",75,75,,1,0,0, ,C, ,,,,,N,00:00.0,Y,,,,EOD1,UBSADMIN,59:39.0,02:31.0,59:59.0,N,B, ,0,0,0,124,,,,4885/14/EIB/TGD,00:00.0,,,,,,,,0,0,,,,N,VND,50000,,N,Y,Y,,Y,VND,23527,DS,DS,,English,,N,N,N,64,,ALL,,0,, ,18,Vietnamese,,,,,,,,,,,,ALL,Y,Y,00:00.0,00:00.0,,, ,1,7,ICT,C,,00:00.0,EXIMVN,t Nam *** m,VN,29, ,N,,,
1812,N, PGD GIA KIEM,4,305,305,1801,GKO,1,Y,125,125,125,"1 Quoc *** ,","Gia Ki *** ,",75,75,,1,0,0, ,C, ,,,,,N,00:00.0,Y,,,,EOD1,UBSADMIN,01:50.0,02:31.0,59:59.0,N,B, ,0,0,0,125,,,,946/15/EIB/KTTH,00:00.0,,,,,,,,0,0,,,,N,VND,50000,,N,Y,Y,,Y,VND,23501,DS,DS,,English,,N,N,N,89,,ALL,,0,, ,18,Vietnamese,,,,,,,,,,,,ALL,Y,Y,00:00.0,00:00.0,,, ,1,7,ICT,C,,00:00.0,EXIMVN,h Dong *** m,VN,29, ,N,,,
1814,N, PGD LONG THANH,5,305,305,1801,LTO,1,Y,126,126,126,"Duan,  *** ,","Long T *** ,",75,75,,1,0,0, ,C, ,,,,,N,00:00.0,Y,,,,EOD1,UBSADMIN,01:59.0,02:32.0,59:59.0,N,B, ,0,0,0,126,,,,946/15/EIB/KTTH,00:00.0,,,,,,,,0,0,,,,N,VND,50000,,N,Y,Y,,Y,VND,23816,DS,DS,,English,,N,N,N,70,,ALL,,0,, ,18,Vietnamese,,,,,,,,,,,,ALL,Y,Y,00:00.0,00:00.0,,, ,1,7,ICT,C,,00:00.0,EXIMVN,h Dong *** m,VN,29, ,N,,,
1815,N, PGD TAN BIEN,6,305,305,1801,TZO,1,Y,127,127,127," Quoc  *** ,",Bien H *** m,75,75,,1,0,0, ,C, ,,,,,N,00:00.0,Y,,,,EOD1,UBSADMIN,55:41.0,02:32.0,59:59.0,N,B, ,0,0,0,127,,,,946/15/EIB/KTTH,00:00.0,,,,,,,,0,0,,,,N,VND,50000,,N,Y,Y,,Y,VND,23494,DS,DS,,English,,N,N,N,103,,ALL,,0,, ,18,Vietnamese,,,,,,,,,,,,ALL,Y,Y,00:00.0,00:00.0,,, ,1,7,ICT,C,,00:00.0,EXIMVN,h Dong *** m,VN,29, ,N,,,
1816,N, PGD BIEN HOA,7,305,305,1801,BEO,1,Y,128,128,128," Pham  *** ,","am Hie *** ,",75,75,,1,0,0, ,C, ,,,,,N,00:00.0,Y,,,,EOD1,UBSADMIN,01:41.0,02:32.0,59:59.0,N,B, ,0,0,0,128,,,,946/15/EIB/KTTH,00:00.0,,,,,,,,0,0,,,,N,VND,50000,,N,Y,Y,,Y,VND,23579,DS,DS,,English,,N,N,N,43,,ALL,,0,, ,18,Vietnamese,,,,,,,,,,,,ALL,Y,Y,00:00.0,00:00.0,,, ,1,7,ICT,C,,00:00.0,EXIMVN,h Dong *** m,VN,29, ,N,,,
1817,N, TAN UONG,2,305,305,1800,T8O,1,Y,129,129,129,"To 1,  *** ,", Tan U *** g,74,74,,1,0,0, ,C, ,,,,,N,00:00.0,Y,,,,EOD1,UBSADMIN,56:39.0,02:32.0,59:59.0,N,B, ,0,0,0,129,,,,345/14/EIB/HDQT,00:00.0,,,,,,,,0,0,,,,N,VND,50000,,N,Y,Y,,Y,VND,22852,DS,DS,,English,,N,N,N,114,,ALL,,0,, ,18,Vietnamese,,,,,,,,,,,,ALL,Y,Y,00:00.0,00:00.0,,, ,1,7,ICT,C,,00:00.0,EXIMVN,h Dươn *** m,VN,29, ,N,,,
1818,N, PGD DI AN,3,305,305,1800,DAO,1,Y,130,130,130,1 Trần *** ố,"h Minh *** ,",74,74,,1,0,0, ,C, ,,,,,N,00:00.0,Y,,,,EOD1,UBSADMIN,58:50.0,02:32.0,59:59.0,N,B, ,0,0,0,130,,,,345/14/EIB/HDQT,00:00.0,,,,,,,,0,0,,,,N,VND,50000,,N,Y,Y,,Y,VND,22963,DS,DS,,English,,N,N,N,67,,ALL,,0,, ,18,Vietnamese,,,,,,,,,,,,ALL,Y,Y,00:00.0,00:00.0,,, ,1,7,ICT,C,,00:00.0,EXIMVN,h Bình *** m,VN,29, ,N,,,
1819,N, THUAN AN,4,305,305,1800,LUO,1,Y,131,131,131," Nguye *** ,",Thuan  *** g,74,74,,1,0,0, ,C, ,,,,,N,00:00.0,Y,,,,EOD1,UBSADMIN,01:39.0,02:33.0,59:59.0,N,B, ,0,0,0,131,,,,345/14/EIB/HDQT,00:00.0,,,,,,,,0,0,,,,N,VND,50000,,N,Y,Y,,Y,VND,22827,DS,DS,,English,,N,N,N,117,,ALL,,0,, ,18,Vietnamese,,,,,,,,,,,,ALL,Y,Y,00:00.0,00:00.0,,, ,1,7,ICT,C,,00:00.0,EXIMVN,h Bình *** m,VN,29, ,N,,,
1820,N, BEN CAT,5,305,305,1800,MPO,1,Y,132,132,132,C4 Ô s *** a,"y Land *** ,",74,74,,1,0,0, ,C, ,,,,,N,00:00.0,Y,,,,EOD1,UBSADMIN,01:50.0,02:33.0,59:59.0,N,B, ,0,0,0,132,,,,345/14/EIB/HDQT,00:00.0,,,,,,,,0,0,,,,N,VND,50000,,N,Y,Y,,Y,VND,22862,DS,DS,,English,,N,N,N,59,,ALL,,0,, ,18,Vietnamese,,,,,,,,,,,,ALL,Y,Y,00:00.0,00:00.0,,, ,1,7,ICT,C,,00:00.0,EXIMVN, Mỹ Ph *** g,VN,29, ,N,,,
1821,N, THUAN GIAO,6,305,305,1800,CDO,1,Y,133,133,133,"11 Lo  *** ,",Thuan  *** g,74,74,,1,0,0, ,C, ,,,,,N,00:00.0,Y,,,,EOD1,UBSADMIN,01:11.0,02:33.0,59:59.0,N,B, ,0,0,0,133,,,,345/14/EIB/HDQT,00:00.0,,,,,,,,0,0,,,,N,VND,50000,,N,Y,Y,,Y,VND,22856,DS,DS,,English,,N,N,N,63,,ALL,,0,, ,18,Vietnamese,,,,,,,,,,,,ALL,Y,Y,00:00.0,00:00.0,,, ,1,7,ICT,C,,00:00.0,EXIMVN,ình Hò *** g,VN,29, ,N,,,
1822,N, PGD TAN PHUOC KHANH,4,305,305,1802,TDO,1,Y,134,134,134," Quốc  *** ,","Thủ Đứ *** ,",79,79,,1,0,0, ,C, ,,,,,N,00:00.0,Y,,,,EOD1,UBSADMIN,01:20.0,02:33.0,59:59.0,N,B, ,0,0,0,134,,,,345/14/EIB/HDQT,00:00.0,,,,,,,,0,0,,,,N,VND,50000,,N,Y,Y,,Y,VND,22731,DS,DS,,English,,N,N,N,110,,ALL,,0,, ,18,Vietnamese,,,,,,,,,,,,ALL,Y,Y,00:00.0,00:00.0,,, ,1,7,ICT,C,,00:00.0,EXIMVN,t Nam *** m,VN,29, ,N,,,
1824,N, PHAM  HUNG,5,305,305,1802,LIO,1,Y,135,135,135,"ck B,F *** ,","1,P.Li *** M",79,79,,1,0,0, ,C, ,,,,,N,00:00.0,Y,,,,EOD1,UBSADMIN,01:31.0,02:34.0,59:59.0,N,B, ,0,0,0,135,,,,345/14/EIB/HDQT,00:00.0,,,,,,,,0,0,,,,N,VND,50000,,N,Y,Y,,Y,VND,22708,DS,DS,,English,,N,N,N,155,,ALL,,0,, ,18,Vietnamese,,,,,,,,,,,,ALL,Y,Y,00:00.0,00:00.0,,, ,1,7,ICT,C,,00:00.0,EXIMVN,t Nam *** m,VN,29, ,N,,,
1825,N, PGD QUAN 9,6,305,305,1802,D9O,1,Y,136,136,136,"Lê Văn *** ,","n 9, T *** ,",79,79,,1,0,0, ,C, ,,,,,N,00:00.0,Y,,,,EOD1,UBSADMIN,01:31.0,02:34.0,59:59.0,N,B, ,0,0,0,136,,,,345/14/EIB/HDQT,00:00.0,,,,,,,,0,0,,,,N,VND,50000,,N,Y,Y,,Y,VND,22753,DS,DS,,English,,N,N,N,94,,ALL,,0,, ,18,Vietnamese,,,,,,,,,,,,ALL,Y,Y,00:00.0,00:00.0,,, ,1,7,ICT,C,,00:00.0,EXIMVN,t Nam *** m,VN,29, ,N,,,
1826,N, PGD PHUC LONG,7,305,305,1802,CLO,1,Y,137,137,137," Đỗ Xu *** ,","n 9,   *** ,",79,79,,1,0,0, ,C, ,,,,,N,00:00.0,Y,,,,EOD1,UBSADMIN,57:20.0,02:34.0,59:59.0,N,B, ,0,0,0,137,,,,345/14/EIB/HDQT,00:00.0,,,,,,,,0,0,,,,N,VND,50000,,N,Y,Y,,Y,VND,22696,DS,DS,,English,,N,N,N,138,,ALL,,0,, ,18,Vietnamese,,,,,,,,,,,,ALL,Y,Y,00:00.0,00:00.0,,, ,1,7,ICT,C,,00:00.0,EXIMVN,t Nam *** m,VN,29, ,N,,,
1827,N, PGD BA RIA,2,305,305,1803,VUO,1,Y,138,138,138,"-114 B *** ,", Bà Rị *** u,77,77,,1,0,0, ,C, ,,,,,N,00:00.0,Y,,,,EOD1,UBSADMIN,56:29.0,02:34.0,59:59.0,N,B, ,0,0,0,138,,,,345/14/EIB/HDQT,00:00.0,,,,,,,,0,0,,,,N,VND,50000,,N,Y,Y,,Y,VND,22876,DS,DS,,English,,N,N,N,97,,ALL,,0,, ,18,Vietnamese,,,,,,,,,,,,ALL,Y,Y,00:00.0,00:00.0,,, ,1,7,ICT,C,,00:00.0,EXIMVN,t Nam *** m,VN,29, ,N,,,
1828,N, PGD NGAI GIAO,3,305,305,1803,DYO,1,Y,139,139,139," Hùng  *** ,","ện Châ *** ,",77,77,,1,0,0, ,C, ,,,,,N,00:00.0,Y,,,,EOD1,UBSADMIN,01:31.0,02:34.0,59:59.0,N,B, ,0,0,0,139,,,,345/14/EIB/HDQT,00:00.0,,,,,,,,0,0,,,,N,VND,50000,,N,Y,Y,,Y,VND,22810,DS,DS,,English,,N,N,N,119,,ALL,,0,, ,18,Vietnamese,,,,,,,,,,,,ALL,Y,Y,00:00.0,00:00.0,,, ,1,7,ICT,C,,00:00.0,EXIMVN,t Nam *** m,VN,29, ,N,,,
1829,N, PGD TAM BINH,4,305,305,1803,TTO,1,Y,140,140,140,"ng 46, *** ,","ện Tân *** ,",77,77,,1,0,0, ,C, ,,,,,N,00:00.0,Y,,,,EOD1,UBSADMIN,00:58.0,02:35.0,59:59.0,N,B, ,0,0,0,140,,,,345/14/EIB/HDQT,00:00.0,,,,,,,,0,0,,,,N,VND,50000,,N,Y,Y,,Y,VND,22813,DS,DS,,English,,N,N,N,134,,ALL,,0,, ,18,Vietnamese,,,,,,,,,,,,ALL,Y,Y,00:00.0,00:00.0,,, ,1,7,ICT,C,,00:00.0,EXIMVN,t Nam *** m,VN,29, ,N,,,
1830,N, PGD LINH XUAN,5,305,305,1803,PCO,1,Y,141,141,141," (T17) *** ,","PHƯỚC  *** ,",77,0,,1,0,0, ,C, ,,,,,N,00:00.0,Y,,,,EOD1,UBSADMIN,55:31.0,02:35.0,59:59.0,N,B, ,0,0,0,141,,,,345/14/EIB/HDQT,00:00.0,,,,,,,,0,0,,,,N,VND,50000,,N,Y,Y,,Y,VND,22807,DS,DS,,ENGLISH,,N,N,N,141,,ALL,,0,, ,18,VIETNAMESE,,,,,,,,,,,,ALL,Y,Y,00:00.0,00:00.0,,, ,1,7,ICT,C,,00:00.0,EXIMVN,H BÀ R *** M,VN,29, ,N,,,
1831,N, PGD 30/4,6,305,305,1803,NNO,1,Y,142,142,142, DUONG *** 1,VUNG T *** U,77,77,,1,0,0, ,C, ,,,,,N,00:00.0,Y,,,,EOD1,UBSADMIN,01:20.0,02:35.0,59:59.0,N,B, ,0,0,0,142,,,,345/14/EIB/HDQT,00:00.0,,,,,,,,0,0,,,,N,VND,50000,,N,Y,Y,,Y,VND,22821,DS,DS,,English,,N,N,N,151,,ALL,,0,, ,18,Vietnamese,,,,,,,,,,,,ALL,Y,Y,00:00.0,00:00.0,,, ,1,7,ICT,C,,00:00.0,EXIMVN,T NAM *** M,VN,29, ,N,,,
1832,N, PGD PHAN CHAU TRINH,1,305,305,1805,NGT,1,Y,215,215,215,"M ITC  *** ,",Dong X *** c,70,79,,1,0,0, ,C, ,,,,,N,00:00.0,Y,,,,EOD1,UBSADMIN,57:20.0,28:54.0,59:59.0,N,B, ,0,0,0,215,,,,204/EIB/HDQT-07,00:00.0,,,,,,,,0,0,,,,N,VND,50000,,N,Y,Y,,Y,VND,24821,DS,DS,,English,,N,N,N,2,,ALL,,0,, ,18,Vietnamese,,,,,,,,,,,,ALL,Y,Y,00:00.0,00:00.0,,, ,1,7,ICT,C,,00:00.0,EXIMVN,t Nam *** m,VN,29, ,N,,,
1900,N, QUANG NINH,1,305,305,1900,QNI,1,Y,143,143,143,"16 Tra *** ,","Tran H *** ,",22,22,,1,0,0, ,C, ,,,,,N,00:00.0,Y,,,,EOD1,UBSADMIN,59:45.0,02:35.0,59:59.0,N,B, ,0,0,0,143,,,,32/EIB/HDQT-07,00:00.0,,,,,,,,0,0,,,,N,VND,50000,,N,Y,Y,,Y,VND,24657,DS,DS,,English,,N,N,N,19,,ALL,,0,, ,18,Vietnamese,,,,,,,,,,,,ALL,Y,Y,00:00.0,00:00.0,,, ,1,7,ICT,C,,00:00.0,EXIMVN,ng Nin *** m,VN,29, ,N,,,
1901,N, QUANG NAM,1,305,305,1901,QNM,1,Y,144,144,144,"-228 P *** ,"," Tam K *** ,",49,49,,1,0,0, ,C, ,,,,,N,00:00.0,Y,,,,EOD1,UBSADMIN,01:19.0,02:35.0,59:59.0,N,B, ,0,0,0,144,,,,03/2011/EIB-QD,00:00.0,,,,,,,,0,0,,,,N,VND,50000,,N,Y,Y,,Y,VND,23677,DS,DS,,English,,N,N,N,47,,ALL,,0,, ,18,Vietnamese,,,,,,,,,,,,ALL,Y,Y,00:00.0,00:00.0,,, ,1,7,ICT,C,,00:00.0,EXIMVN,t Nam *** m,VN,29, ,N,,,
1902,N, PGD MINH KHAI,2,305,305,1900,MCO,1,Y,145,145,145,"Hung V *** ,",Mong C *** m,22,22,,1,0,0, ,C, ,,,,,N,00:00.0,Y,,,,EOD1,UBSADMIN,16:19.0,02:36.0,59:59.0,N,B, ,0,0,0,145,,,,454/13/EIB/HDQT,00:00.0,,,,,,,,0,0,,,,N,VND,50000,,N,Y,Y,,Y,VND,23471,DS,DS,,English,,N,N,N,180,,ALL,,0,, ,18,Vietnamese,,,,,,,,,,,,ALL,Y,Y,00:00.0,00:00.0,,, ,1,7,ICT,C,,00:00.0,EXIMVN,t Nam *** m,VN,29, ,N,,,
1903,N, PGD HOA CUONG,3,305,305,1900,HLO,1,Y,146,146,146,"ng trệ *** ,","2, khu *** ,",22,22,,1,0,0, ,C, ,,,,,N,00:00.0,Y,,,,EOD1,UBSADMIN,16:38.0,02:36.0,59:59.0,N,B, ,0,0,0,146,,,,345/14/EIB/HDQT,00:00.0,,,,,,,,0,0,,,,N,VND,50000,,N,Y,Y,,Y,VND,22973,DS,DS,,English,,N,N,N,194,,ALL,,0,, ,18,Vietnamese,,,,,,,,,,,,ALL,Y,Y,00:00.0,00:00.0,,, ,1,7,ICT,C,,00:00.0,EXIMVN,h Quản *** m,VN,29, ,N,,,
1904,N, PGD CAM PHA,4,305,305,1900,CPO,1,Y,147,147,147," Trần  *** ,"," xã Cẩ *** ,",22,22,,1,0,0, ,C, ,,,,,N,00:00.0,Y,,,,EOD1,UBSADMIN,16:30.0,02:36.0,59:59.0,N,B, ,0,0,0,147,,,,345/14/EIB/HDQT,00:00.0,,,,,,,,0,0,,,,N,VND,50000,,N,Y,Y,,Y,VND,22995,DS,DS,,English,,N,N,N,176,,ALL,,0,, ,18,Vietnamese,,,,,,,,,,,,ALL,Y,Y,00:00.0,00:00.0,,, ,1,7,ICT,C,,00:00.0,EXIMVN,t Nam *** m,VN,29, ,N,,,
1905,N, PGD QUANG YEN,5,305,305,1900,QYO,1,Y,148,148,148,"Lê lợi *** ,", xã Qu *** m,22,22,,1,0,0, ,C, ,,,,,N,00:00.0,Y,,,,EOD1,UBSADMIN,57:21.0,02:36.0,59:59.0,N,B, ,0,0,0,148,,,,345/14/EIB/HDQT,00:00.0,,,,,,,,0,0,,,,N,VND,50000,,N,Y,Y,,Y,VND,23006,DS,DS,,English,,N,N,N,116,,ALL,,0,, ,18,Vietnamese,,,,,,,,,,,,ALL,Y,Y,00:00.0,00:00.0,,, ,1,7,ICT,C,,00:00.0,EXIMVN,t Nam *** m,VN,29, ,N,,,
1906,N, PGD ONG BI,6,305,305,1900,UBO,1,Y,149,149,149," Quang *** ,","ờng Qu *** ,",22,22,,1,0,0, ,C, ,,,,,N,00:00.0,Y,,,,EOD1,UBSADMIN,15:40.0,02:36.0,59:59.0,N,B, ,0,0,0,149,,,,345/14/EIB/HDQT,00:00.0,,,,,,,,0,0,,,,N,VND,50000,,N,Y,Y,,Y,VND,22986,DS,DS,,English,,N,N,N,174,,ALL,,0,, ,18,Vietnamese,,,,,,,,,,,,ALL,Y,Y,00:00.0,00:00.0,,, ,1,7,ICT,C,,00:00.0,EXIMVN,h Quản *** m,VN,29, ,N,,,
1907,N, PGD NAM PHUOC,2,305,305,1901,NPO,1,Y,150,150,150,"c lộ 1 *** ,","ện Duy *** ,",49,49,,1,0,0, ,C, ,,,,,N,00:00.0,Y,,,,EOD1,UBSADMIN,18:29.0,02:37.0,59:59.0,N,B, ,0,0,0,150,,,,345/14/EIB/HDQT,00:00.0,,,,,,,,0,0,,,,N,VND,50000,,N,Y,Y,,Y,VND,22892,DS,DS,,English,,N,N,N,204,,ALL,,0,, ,18,Vietnamese,,,,,,,,,,,,ALL,Y,Y,00:00.0,00:00.0,,, ,1,7,ICT,C,,00:00.0,EXIMVN,t Nam *** m,VN,29, ,N,,,
1908,N, PGD HANG THAN,3,305,305,1901,HQO,1,Y,151,151,151,"Trần H *** ,"," Hội A *** ,",49,49,,1,0,0, ,C, ,,,,,N,00:00.0,Y,,,,EOD1,UBSADMIN,15:17.0,02:37.0,59:59.0,N,B, ,0,0,0,151,,,,345/14/EIB/HDQT,00:00.0,,,,,,,,0,0,,,,N,VND,50000,,N,Y,Y,,Y,VND,22902,DS,DS,,English,,N,N,N,172,,ALL,,0,, ,18,Vietnamese,,,,,,,,,,,,ALL,Y,Y,00:00.0,00:00.0,,, ,1,7,ICT,C,,00:00.0,EXIMVN,t Nam *** m,VN,29, ,N,,,
2000,N, TP.HO CHI MINH,1,305,305,2000,1CB,1,Y,152,152,152,"ng 1 - *** ,",en Ngh *** M,79,79,,1,0,0, ,C, ,,,,,N,00:00.0,Y,,,,EOD1,UBSADMIN,04:00.0,02:37.0,59:59.0,N,B, ,0,0,0,152,,,,204/EIB/HDQT-07,00:00.0,,,,,,,,0,0,,,,N,VND,50000,,N,Y,Y,,Y,VND,24844,DS,DS,,English,,N,N,N,2,,ALL,,0,, ,18,Vietnamese,,,,,,,,,,,,ALL,Y,Y,00:00.0,00:00.0,,, ,1,7,ICT,C,,00:00.0,EXIMVN,t Nam *** m,VN,29, ,N,,,
2001,N, PGD BIEN THANH,2,305,305,2000,KEO,1,Y,153,153,153,"38 Ngo *** ,","n 1, T *** m",79,79,,1,0,0, ,C, ,,,,,N,00:00.0,Y,,,,EOD1,UBSADMIN,59:51.0,02:37.0,59:59.0,N,B, ,0,0,0,153,,,,545/13/EIB/HDQT,00:00.0,,,,,,,,0,0,,,,N,VND,50000,,N,Y,Y,,Y,VND,23659,DS,DS,,English,,N,N,N,32,,ALL,,0,, ,18,Vietnamese,,,,,,,,,,,,ALL,Y,Y,00:00.0,00:00.0,,, ,1,7,ICT,C,,00:00.0,EXIMVN,t Nam *** m,VN,29, ,N,,,
2002,N, PGD THANH DA,3,305,305,2000,TAO,1,Y,154,154,154,"-631 X *** ,","n Binh *** ,",79,79,,1,0,0, ,C, ,,,,,N,00:00.0,Y,,,,EOD1,UBSADMIN,01:28.0,02:37.0,59:59.0,N,B, ,0,0,0,154,,,,545/13/EIB/HDQT,00:00.0,,,,,,,,0,0,,,,N,VND,50000,,N,Y,Y,,Y,VND,23555,DS,DS,,English,,N,N,N,50,,ALL,,0,, ,18,Vietnamese,,,,,,,,,,,,ALL,Y,Y,00:00.0,00:00.0,,, ,1,7,ICT,C,,00:00.0,EXIMVN,"HCM, V *** m",VN,29, ,N,,,
2100,N, BINH  PHU,1,305,305,2100,BPU,1,Y,155,155,155,"-112-1 *** ,","ong 11 *** ,",79,79,,1,0,0, ,C, ,,,,,N,00:00.0,Y,,,,EOD1,UBSADMIN,58:19.0,02:38.0,59:59.0,N,B, ,0,0,0,155,,,,313/2008/EIB/QD,00:00.0,,,,,,,,0,0,,,,N,VND,50000,,N,Y,Y,,Y,VND,24883,DS,DS,,English,,N,N,N,23,,ALL,,0,, ,18,Vietnamese,,,,,,,,,,,,ALL,Y,Y,00:00.0,00:00.0,,, ,1,7,ICT,C,,00:00.0,EXIMVN,t Nam *** m,VN,29, ,N,,,
2101,N, PHU MY HUNG,1,305,305,2101,PMH,1,Y,156,156,156,"ng tre *** ,","Tan Tr *** ,",79,79,,1,0,0, ,C, ,,,,,N,00:00.0,Y,,,,EOD1,UBSADMIN,57:41.0,02:38.0,59:59.0,N,B, ,0,0,0,156,,,,312/2008/EIB/QD,00:00.0,,,,,,,,0,0,,,,N,VND,50000,,N,Y,Y,,Y,VND,23669,DS,DS,,English,,N,N,N,8,,ALL,,0,, ,18,Vietnamese,,,,,,,,,,,,ALL,Y,Y,00:00.0,00:00.0,,, ,1,7,ICT,C,,00:00.0,EXIMVN,"n 7, T *** M",VN,29, ,N,,,
2102,N, TAN SON NHAT,1,305,305,2102,TSN,1,Y,157,157,157," Nguye *** ,",n Tan  *** M,79,79,,1,0,0, ,C, ,,,,,N,00:00.0,Y,,,,EOD1,UBSADMIN,58:08.0,02:38.0,59:59.0,N,B, ,0,0,0,157,,,,056/2009/EIB/QD,00:00.0,,,,,,,,0,0,,,,N,VND,50000,,N,Y,Y,,Y,VND,24551,DS,DS,,English,,N,N,N,13,,ALL,,0,, ,18,Vietnamese,,,,,,,,,,,,ALL,Y,Y,00:00.0,00:00.0,,, ,1,7,ICT,C,,00:00.0,EXIMVN,t Nam *** m,VN,29, ,N,,,
2103,N, BINH  THUAN,1,305,305,2103,BTN,1,Y,158,158,158,"Kinh D *** ,","3, Qua *** ,",79,79,,1,0,0, ,C, ,,,,,N,00:00.0,Y,,,,EOD1,UBSADMIN,01:29.0,02:38.0,59:59.0,N,B, ,0,0,0,158,,,,059/2009/EIB/QD,00:00.0,,,,,,,,0,0,,,,N,VND,50000,,N,Y,Y,,Y,VND,24219,DS,DS,,English,,N,N,N,28,,ALL,,0,, ,18,Vietnamese,,,,,,,,,,,,ALL,Y,Y,00:00.0,00:00.0,,, ,1,7,ICT,C,,00:00.0,EXIMVN,t Nam *** m,VN,29, ,N,,,
2104,N, QUAN 3,1,305,305,2104,03D,1,Y,159,159,159,"ng 1-3 *** ,","n 3, T *** ,",79,79,,1,0,0, ,C, ,,,,,N,00:00.0,Y,,,,EOD1,UBSADMIN,57:59.0,02:38.0,59:59.0,N,B, ,0,0,0,159,,,,106/2012/EIB-QD,00:00.0,,,,,,,,0,0,,,,N,VND,50000,,N,Y,Y,,Y,VND,23721,DS,DS,,English,,N,N,N,57,,ALL,,0,, ,18,Vietnamese,,,,,,,,,,,,ALL,Y,Y,00:00.0,00:00.0,,, ,1,7,ICT,C,,00:00.0,EXIMVN,t Nam *** m,VN,29, ,N,,,
2105,N, PGD LE LOI,4,305,305,2000,CQO,1,Y,160,160,160,"Le Loi *** ,","n 1, T *** m",79,79,,1,0,0, ,C, ,,,,,N,00:00.0,Y,,,,EOD1,UBSADMIN,01:00.0,02:39.0,59:59.0,N,B, ,0,0,0,160,,,,454/13/EIB/HDQT,00:00.0,,,,,,,,0,0,,,,N,VND,50000,,N,Y,Y,,Y,VND,23502,DS,DS,,English,,N,N,N,99,,ALL,,0,, ,18,Vietnamese,,,,,,,,,,,,ALL,Y,Y,00:00.0,00:00.0,,, ,1,7,ICT,C,,00:00.0,EXIMVN,t Nam *** m,VN,29, ,N,,,
2106,N, PGD TRUONG SON,5,305,305,2000,TCO,1,Y,161,161,161,"-6 Duo *** ,","inh Hu *** ,",79,79,,1,0,0, ,C, ,,,,,N,00:00.0,Y,,,,EOD1,UBSADMIN,58:01.0,02:39.0,59:59.0,N,B, ,0,0,0,161,,,,454/13/EIB/HDQT,00:00.0,,,,,,,,0,0,,,,N,VND,50000,,N,Y,Y,,Y,VND,23527,DS,DS,,English,,N,N,N,66,,ALL,,0,, ,18,Vietnamese,,,,,,,,,,,,ALL,Y,Y,00:00.0,00:00.0,,, ,1,7,ICT,C,,00:00.0,EXIMVN,"HCM, V *** m",VN,29, ,N,,,
2107,N, XUAN  THUY,6,305,305,2000,NIO,1,Y,162,162,162,"g1, To *** ,",",P.Tha *** M",79,79,,1,0,0, ,C, ,,,,,N,00:00.0,Y,,,,EOD1,UBSADMIN,57:39.0,02:39.0,59:59.0,N,B, ,0,0,0,162,,,,345/14/EIB/HDQT,00:00.0,,,,,,,,0,0,,,,N,VND,50000,,N,Y,Y,,Y,VND,23634,DS,DS,,English,,N,N,N,79,,ALL,,0,, ,18,Vietnamese,,,,,,,,,,,,ALL,Y,Y,00:00.0,00:00.0,,, ,1,7,ICT,C,,00:00.0,EXIMVN,"HCM, V *** m",VN,29, ,N,,,
2108,N, PGD TAN THANH,7,305,305,2000,CTO,1,Y,163,163,163," Truon *** ,","n 3, T *** m",79,79,,1,0,0, ,C, ,,,,,N,00:00.0,Y,,,,EOD1,UBSADMIN,56:39.0,02:39.0,59:59.0,N,B, ,0,0,0,163,,,,345/14/EIB/HDQT,00:00.0,,,,,,,,0,0,,,,N,VND,50000,,N,Y,Y,,Y,VND,23519,DS,DS,,English,,N,N,N,68,,ALL,,0,, ,18,Vietnamese,,,,,,,,,,,,ALL,Y,Y,00:00.0,00:00.0,,, ,1,7,ICT,C,,00:00.0,EXIMVN,"HCM, V *** m",VN,29, ,N,,,
2109,N, PGD BUI THI XUAN,8,305,305,2000,NCO,1,Y,164,164,164,"ABC Bu *** ,","n 1, T *** m",79,79,,1,0,0, ,C, ,,,,,N,00:00.0,Y,,,,EOD1,UBSADMIN,00:21.0,02:39.0,59:59.0,N,B, ,0,0,0,164,,,,345/14/EIB/HDQT,00:00.0,,,,,,,,0,0,,,,N,VND,50000,,N,Y,Y,,Y,VND,23532,DS,DS,,English,,N,N,N,58,,ALL,,0,, ,18,Vietnamese,,,,,,,,,,,,ALL,Y,Y,00:00.0,00:00.0,,, ,1,7,ICT,C,,00:00.0,EXIMVN,"HCM, V *** m",VN,29, ,N,,,
2110,N, PGD T AO DAN,9,305,305,2000,TFO,1,Y,165,165,165," Nguye *** ,","n 1, T *** m",79,79,,1,0,0, ,C, ,,,,,N,00:00.0,Y,,,,EOD1,UBSADMIN,54:38.0,02:40.0,59:59.0,N,B, ,0,0,0,165,,,,345/14/EIB/HDQT,00:00.0,,,,,,,,0,0,,,,N,VND,50000,,N,Y,Y,,Y,VND,23514,DS,DS,,English,,N,N,N,72,,ALL,,0,, ,18,Vietnamese,,,,,,,,,,,,ALL,Y,Y,00:00.0,00:00.0,,, ,1,7,ICT,C,,00:00.0,EXIMVN,"HCM, V *** m",VN,29, ,N,,,
2111,N, PGD VAN THANH,10,305,305,2000,LMO,1,Y,166,166,166,"B Duon *** ,",n Binh *** m,79,79,,1,0,0, ,C, ,,,,,N,00:00.0,Y,,,,EOD1,UBSADMIN,58:59.0,02:40.0,59:59.0,N,B, ,0,0,0,166,,,,345/14/EIB/HDQT,00:00.0,,,,,,,,0,0,,,,N,VND,50000,,N,Y,Y,,Y,VND,23509,DS,DS,,English,,N,N,N,87,,ALL,,0,, ,18,Vietnamese,,,,,,,,,,,,ALL,Y,Y,00:00.0,00:00.0,,, ,1,7,ICT,C,,00:00.0,EXIMVN,"HCM, V *** m",VN,29, ,N,,,
2112,N, PGD HANG XANH,11,305,305,2000,HXO,1,Y,167,167,167,"A-155B *** ,","ong 25 *** ,",79,79,,1,0,0, ,C, ,,,,,N,00:00.0,Y,,,,EOD1,UBSADMIN,57:11.0,02:40.0,59:59.0,N,B, ,0,0,0,167,,,,345/14/EIB/HDQT,00:00.0,,,,,,,,0,0,,,,N,VND,50000,,N,Y,Y,,Y,VND,23508,DS,DS,,English,,N,N,N,92,,ALL,,0,, ,18,Vietnamese,,,,,,,,,,,,ALL,Y,Y,00:00.0,00:00.0,,, ,1,7,ICT,C,,00:00.0,EXIMVN,"HCM, V *** m",VN,29, ,N,,,
2200,N, PGD QUAN 6,5,305,305,1004,D6O,1,Y,168,168,168,"Hau Gi *** ,","n 6, T *** m",79,79,,1,0,0, ,C, ,,,,,N,00:00.0,Y,,,,EOD1,UBSADMIN,56:30.0,02:40.0,59:59.0,N,B, ,0,0,0,168,,,,545/13/EIB/HDQT,00:00.0,,,,,,,,0,0,,,,N,VND,50000,,N,Y,Y,,Y,VND,23498,DS,DS,,English,,N,N,N,112,,ALL,,0,, ,18,Vietnamese,,,,,,,,,,,,ALL,Y,Y,00:00.0,00:00.0,,, ,1,7,ICT,C,,00:00.0,EXIMVN,"HCM, V *** m",VN,29, ,N,,,
2201,N, PGD QUAN 8,6,305,305,1004,D8O,1,Y,169,169,169,"-392 P *** ,","n 8, T *** m",79,79,,1,0,0, ,C, ,,,,,N,00:00.0,Y,,,,EOD1,UBSADMIN,01:51.0,02:41.0,59:59.0,N,B, ,0,0,0,169,,,,545/13/EIB/HDQT,00:00.0,,,,,,,,0,0,,,,N,VND,50000,,N,Y,Y,,Y,VND,23514,DS,DS,,English,,N,N,N,69,,ALL,,0,, ,18,Vietnamese,,,,,,,,,,,,ALL,Y,Y,00:00.0,00:00.0,,, ,1,7,ICT,C,,00:00.0,EXIMVN,"HCM, V *** m",VN,29, ,N,,,
2202,N, PGD GO VAP,2,305,305,1400,GVO,1,Y,170,170,170,"-140 N *** ,",n Go V *** m,79,79,,1,0,0, ,C, ,,,,,N,00:00.0,Y,,,,EOD1,UBSADMIN,59:19.0,02:41.0,59:59.0,N,B, ,0,0,0,170,,,,545/13/EIB/HDQT,00:00.0,,,,,,,,0,0,,,,N,VND,50000,,N,Y,Y,,Y,VND,23617,DS,DS,,English,,N,N,N,40,,ALL,,0,, ,18,Vietnamese,,,,,,,,,,,,ALL,Y,Y,00:00.0,00:00.0,,, ,1,7,ICT,C,,00:00.0,EXIMVN,"HCM, V *** m",VN,29, ,N,,,
2203,N, HA HUNG P,3,305,305,1400,VHO,1,Y,171,171,171,"A-839  *** ,",hanh X *** M,79,79,,1,0,0, ,C, ,,,,,N,00:00.0,Y,,,,EOD1,UBSADMIN,58:11.0,02:41.0,59:59.0,N,B, ,0,0,0,171,,,,545/13/EIB/HDQT,00:00.0,,,,,,,,0,0,,,,N,VND,50000,,N,Y,Y,,Y,VND,23502,DS,DS,,English,,N,N,N,93,,ALL,,0,, ,18,Vietnamese,,,,,,,,,,,,ALL,Y,Y,00:00.0,00:00.0,,, ,1,7,ICT,C,,00:00.0,EXIMVN,"HCM, V *** m",VN,29, ,N,,,
2204,N, PGD LE VAN SY,2,305,305,1012,LSO,1,Y,172,172,172," Le Va *** ,","n 3, T *** m",79,79,,1,0,0, ,C, ,,,,,N,00:00.0,Y,,,,EOD1,UBSADMIN,00:01.0,02:41.0,59:59.0,N,B, ,0,0,0,172,,,,545/13/EIB/HDQT,00:00.0,,,,,,,,0,0,,,,N,VND,50000,,N,Y,Y,,Y,VND,23517,DS,DS,,English,,N,N,N,61,,ALL,,0,, ,18,Vietnamese,,,,,,,,,,,,ALL,Y,Y,00:00.0,00:00.0,,, ,1,7,ICT,C,,00:00.0,EXIMVN,"HCM, V *** m",VN,29, ,N,,,
2205,N, PGD KY HOA,2,305,305,1007,KHO,1,Y,173,173,173," Le Ho *** ,",ong 12 *** M,79,79,,1,0,0, ,C, ,,,,,N,00:00.0,Y,,,,EOD1,UBSADMIN,00:41.0,02:41.0,59:59.0,N,B, ,0,0,0,173,,,,545/13/EIB/HDQT,00:00.0,,,,,,,,0,0,,,,N,VND,50000,,N,Y,Y,,Y,VND,23475,DS,DS,,English,,N,N,N,123,,ALL,,0,, ,18,Vietnamese,,,,,,,,,,,,ALL,Y,Y,00:00.0,00:00.0,,, ,1,7,ICT,C,,00:00.0,EXIMVN,"HCM, V *** m",VN,29, ,N,,,
2206,N, PGD PHAN XICH  LONG,2,305,305,1401,XLO,1,Y,174,174,174,"g tret *** ,","2, Q.P *** M",79,79,,1,0,0, ,C, ,,,,,N,00:00.0,Y,,,,EOD1,UBSADMIN,00:19.0,02:42.0,59:59.0,N,B, ,0,0,0,174,,,,545/13/EIB/HDQT,00:00.0,,,,,,,,0,0,,,,N,VND,50000,,N,Y,Y,,Y,VND,23914,DS,DS,,English,,N,N,N,51,,ALL,,0,, ,18,Vietnamese,,,,,,,,,,,,ALL,Y,Y,00:00.0,00:00.0,,, ,1,7,ICT,C,,00:00.0,EXIMVN,"HCM, V *** m",VN,29, ,N,,,
2207,N, BINH  THANH,3,305,305,1401,NHO,1,Y,175,175,175,"g1,Tan *** ,",guyen  *** M,79,79,,1,0,0, ,C, ,,,,,N,00:00.0,Y,,,,EOD1,UBSADMIN,17:11.0,02:42.0,59:59.0,N,B, ,0,0,0,175,,,,545/13/EIB/HDQT,00:00.0,,,,,,,,0,0,,,,N,VND,50000,,N,Y,Y,,Y,VND,23456,DS,DS,,English,,N,N,N,198,,ALL,,0,, ,18,Vietnamese,,,,,,,,,,,,ALL,Y,Y,00:00.0,00:00.0,,, ,1,7,ICT,C,,00:00.0,EXIMVN,"HCM, V *** m",VN,29, ,N,,,
2208,N, NGUYEN DUY TRINH,4,305,305,1401,VVO,1,Y,176,176,176,"01-2,S *** ,",inh Tr *** M,79,79,,1,0,0, ,C, ,,,,,N,00:00.0,Y,,,,EOD1,UBSADMIN,57:49.0,02:42.0,59:59.0,N,B, ,0,0,0,176,,,,345/14/EIB/HDQT,00:00.0,,,,,,,,0,0,,,,N,VND,50000,,N,Y,Y,,Y,VND,23547,DS,DS,,English,,N,N,N,80,,ALL,,0,, ,18,Vietnamese,,,,,,,,,,,,ALL,Y,Y,00:00.0,00:00.0,,, ,1,7,ICT,C,,00:00.0,EXIMVN,"HCM, V *** m",VN,29, ,N,,,
2209,N, PGD  THAO DIEN,5,305,305,1401,TUO,1,Y,177,177,177," Duong *** ,","n Tan  *** ,",79,79,,1,0,0, ,C, ,,,,,N,00:00.0,Y,,,,EOD1,UBSADMIN,57:41.0,02:42.0,59:59.0,N,B, ,0,0,0,177,,,,345/14/EIB/HDQT,00:00.0,,,,,,,,0,0,,,,N,VND,50000,,N,Y,Y,,Y,VND,23501,DS,DS,,English,,N,N,N,83,,ALL,,0,, ,18,Vietnamese,,,,,,,,,,,,ALL,Y,Y,00:00.0,00:00.0,,, ,1,7,ICT,C,,00:00.0,EXIMVN,"HCM, V *** m",VN,29, ,N,,,
2210,N, PHAN  ,6,305,305,1401,VTO,1,Y,178,178,178,"A32 Ph *** ,","o Vap, *** M",79,79,,1,0,0, ,C, ,,,,,N,00:00.0,Y,,,,EOD1,UBSADMIN,01:21.0,02:42.0,59:59.0,N,B, ,0,0,0,178,,,,345/14/EIB/HDQT,00:00.0,,,,,,,,0,0,,,,N,VND,50000,,N,Y,Y,,Y,VND,23697,DS,DS,,English,,N,N,N,76,,ALL,,0,, ,18,Vietnamese,,,,,,,,,,,,ALL,Y,Y,00:00.0,00:00.0,,, ,1,7,ICT,C,,00:00.0,EXIMVN,"HCM, V *** m",VN,29, ,N,,,
2211,N, Saigo PEARL,7,305,305,1401,TXO,1,Y,179,179,179," Đ. Ng *** ,",Bình T *** M,79,79,,1,0,0, ,C, ,,,,,N,00:00.0,Y,,,,EOD1,UBSADMIN,53:39.0,02:43.0,59:59.0,N,B, ,0,0,0,179,,,,345/14/EIB/HDQT,00:00.0,,,,,,,,0,0,,,,N,VND,50000,,N,Y,Y,,Y,VND,23523,DS,DS,,English,,N,N,N,90,,ALL,,0,, ,18,Vietnamese,,,,,,,,,,,,ALL,Y,Y,00:00.0,00:00.0,,, ,1,7,ICT,C,,00:00.0,EXIMVN,"HCM, V *** m",VN,29, ,N,,,
2212,N, PGD T *** N,8,305,305,1401,TWO,1,Y,180,180,180,"-14S Q *** ,","n 2, T *** m",79,79,,1,0,0, ,C, ,,,,,N,00:00.0,Y,,,,EOD1,UBSADMIN,01:21.0,02:43.0,59:59.0,N,B, ,0,0,0,180,,,,345/14/EIB/HDQT,00:00.0,,,,,,,,0,0,,,,N,VND,50000,,N,Y,Y,,Y,VND,23477,DS,DS,,English,,N,N,N,124,,ALL,,0,, ,18,Vietnamese,,,,,,,,,,,,ALL,Y,Y,00:00.0,00:00.0,,, ,1,7,ICT,C,,00:00.0,EXIMVN,"HCM, V *** m",VN,29, ,N,,,
2214,N, PGD PHU THO,7,305,305,1004,PHO,1,Y,181,181,181," Lý Th *** ,","ờng 14 *** ,",79,79,,1,0,0, ,C, ,,,,,N,00:00.0,Y,,,,EOD1,UBSADMIN,18:31.0,02:43.0,59:59.0,N,B, ,0,0,0,181,,,,345/14/EIB/HDQT,00:00.0,,,,,,,,0,0,,,,N,VND,50000,,N,Y,Y,,Y,VND,22894,DS,DS,,English,,N,N,N,190,,ALL,,0,, ,18,Vietnamese,,,,,,,,,,,,ALL,Y,Y,00:00.0,00:00.0,,, ,1,7,ICT,C,,00:00.0,EXIMVN,t Nam *** m,VN,29, ,N,,,
2215,N, PGD HUNG DAO,8,305,305,1004,HDO,1,Y,182,182,182," Trần  *** ,","ờng 2, *** ,",79,79,,1,0,0, ,C, ,,,,,N,00:00.0,Y,,,,EOD1,UBSADMIN,01:30.0,02:43.0,59:59.0,N,B, ,0,0,0,182,,,,345/14/EIB/HDQT,00:00.0,,,,,,,,0,0,,,,N,VND,50000,,N,Y,Y,,Y,VND,22889,DS,DS,,English,,N,N,N,160,,ALL,,0,, ,18,Vietnamese,,,,,,,,,,,,ALL,Y,Y,00:00.0,00:00.0,,, ,1,7,ICT,C,,00:00.0,EXIMVN,t Nam *** m,VN,29, ,N,,,
2216,N, PGD LY THAI TO,9,305,305,1004,LOO,1,Y,183,183,183," Lý Th *** ,",", Q.10 *** ,",79,79,,1,0,0, ,C, ,,,,,N,00:00.0,Y,,,,EOD1,UBSADMIN,17:51.0,02:43.0,59:59.0,N,B, ,0,0,0,183,,,,345/14/EIB/HDQT,00:00.0,,,,,,,,0,0,,,,N,VND,50000,,N,Y,Y,,Y,VND,22902,DS,DS,,English,,N,N,N,189,,ALL,,0,, ,18,Vietnamese,,,,,,,,,,,,ALL,Y,Y,00:00.0,00:00.0,,, ,1,7,ICT,C,,00:00.0,EXIMVN,t Nam *** m,VN,29, ,N,,,
2217,N, PGD NHAT TAO,10,305,305,1004,NFO,1,Y,184,184,184," Nguyễ *** ,","ờng 4, *** ,",79,79,,1,0,0, ,C, ,,,,,N,00:00.0,Y,,,,EOD1,UBSADMIN,01:22.0,02:44.0,59:59.0,N,B, ,0,0,0,184,,,,345/14/EIB/HDQT,00:00.0,,,,,,,,0,0,,,,N,VND,50000,,N,Y,Y,,Y,VND,22906,DS,DS,,English,,N,N,N,164,,ALL,,0,, ,18,Vietnamese,,,,,,,,,,,,ALL,Y,Y,00:00.0,00:00.0,,, ,1,7,ICT,C,,00:00.0,EXIMVN,t Nam *** m,VN,29, ,N,,,
2218,N, PGD DONG KHANH,3,305,305,1007,DKO,1,Y,185,185,185,"BÙI HỮ *** ,","ỜNG 5, *** ,",79,0,,1,0,0, ,C, ,,,,,N,00:00.0,Y,,,,EOD1,UBSADMIN,56:40.0,02:44.0,59:59.0,N,B, ,0,0,0,185,,,,345/14/EIB/HDQT,00:00.0,,,,,,,,0,0,,,,N,VND,50000,,N,Y,Y,,Y,VND,22795,DS,DS,,ENGLISH,,N,N,N,140,,ALL,,0,, ,18,VIETNAMESE,,,,,,,,,,,,ALL,Y,Y,00:00.0,00:00.0,,, ,1,7,ICT,C,,00:00.0,EXIMVN,T NAM *** M,VN,29, ,N,,,
2219,N, PGD HOA HUNG,4,305,305,1007,HHO,1,Y,186,186,186," Tô Hi *** ,","ờng 15 *** ,",79,79,,1,0,0, ,C, ,,,,,N,00:00.0,Y,,,,EOD1,UBSADMIN,01:11.0,02:44.0,59:59.0,N,B, ,0,0,0,186,,,,345/14/EIB/HDQT,00:00.0,,,,,,,,0,0,,,,N,VND,50000,,N,Y,Y,,Y,VND,22796,DS,DS,,English,,N,N,N,149,,ALL,,0,, ,18,Vietnamese,,,,,,,,,,,,ALL,Y,Y,00:00.0,00:00.0,,, ,1,7,ICT,C,,00:00.0,EXIMVN,t Nam *** m,VN,29, ,N,,,
2221,N, PGD LE LOI,3,305,305,1012,T5O,1,Y,187,187,187,"66 Lê  *** ,",n Bình *** M,79,79,,1,0,0, ,C, ,,,,,N,00:00.0,Y,,,,EOD1,UBSADMIN,01:50.0,02:44.0,59:59.0,N,B, ,0,0,0,187,,,,345/14/EIB/HDQT,00:00.0,,,,,,,,0,0,,,,N,VND,50000,,N,Y,Y,,Y,VND,22808,DS,DS,,English,,N,N,N,121,,ALL,,0,, ,18,Vietnamese,,,,,,,,,,,,ALL,Y,Y,00:00.0,00:00.0,,, ,1,7,ICT,C,,00:00.0,EXIMVN,t Nam *** m,VN,29, ,N,,,
2222,N, PGD 3 THANG2,4,305,305,1012,32O,1,Y,188,188,188," Đường *** ,","ờng 6, *** ,",79,79,,1,0,0, ,C, ,,,,,N,00:00.0,Y,,,,EOD1,UBSADMIN,01:21.0,02:44.0,59:59.0,N,B, ,0,0,0,188,,,,345/14/EIB/HDQT,00:00.0,,,,,,,,0,0,,,,N,VND,50000,,N,Y,Y,,Y,VND,22813,DS,DS,,English,,N,N,N,129,,ALL,,0,, ,18,Vietnamese,,,,,,,,,,,,ALL,Y,Y,00:00.0,00:00.0,,, ,1,7,ICT,C,,00:00.0,EXIMVN,t Nam *** m,VN,29, ,N,,,
2223,N, PGD MINH PHUNG,5,305,305,1012,MGO,1,Y,189,189,189,"Minh P *** ,","ờng 5, *** ,",79,79,,1,0,0, ,C, ,,,,,N,00:00.0,Y,,,,EOD1,UBSADMIN,15:27.0,02:45.0,59:59.0,N,B, ,0,0,0,189,,,,345/14/EIB/HDQT,00:00.0,,,,,,,,0,0,,,,N,VND,50000,,N,Y,Y,,Y,VND,22808,DS,DS,,English,,N,N,N,173,,ALL,,0,, ,18,Vietnamese,,,,,,,,,,,,ALL,Y,Y,00:00.0,00:00.0,,, ,1,7,ICT,C,,00:00.0,EXIMVN,t Nam *** m,VN,29, ,N,,,
2224,N, PGD VAN HANH,6,305,305,1012,VNO,1,Y,190,190,190," đường *** ,","ờng 12 *** ,",79,79,,1,0,0, ,C, ,,,,,N,00:00.0,Y,,,,EOD1,UBSADMIN,02:01.0,02:45.0,59:59.0,N,B, ,0,0,0,190,,,,345/14/EIB/HDQT,00:00.0,,,,,,,,0,0,,,,N,VND,50000,,N,Y,Y,,Y,VND,22808,DS,DS,,English,,N,N,N,120,,ALL,,0,, ,18,Vietnamese,,,,,,,,,,,,ALL,Y,Y,00:00.0,00:00.0,,, ,1,7,ICT,C,,00:00.0,EXIMVN,t Nam *** m,VN,29, ,N,,,
2225,N, CACH  8,7,305,305,1012,BCO,1,Y,191,191,191," Cách  *** ,","n 3, T *** M",79,79,,1,0,0, ,C, ,,,,,N,00:00.0,Y,,,,EOD1,UBSADMIN,00:41.0,02:45.0,59:59.0,N,B, ,0,0,0,191,,,,345/14/EIB/HDQT,00:00.0,,,,,,,,0,0,,,,N,VND,50000,,N,Y,Y,,Y,VND,22831,DS,DS,,English,,N,N,N,108,,ALL,,0,, ,18,Vietnamese,,,,,,,,,,,,ALL,Y,Y,00:00.0,00:00.0,,, ,1,7,ICT,C,,00:00.0,EXIMVN,t Nam *** m,VN,29, ,N,,,
2226,N, PGD BAC HAI,2,305,305,1015,BHO,1,Y,192,192,192,"is Cửu *** ,","ờng 15 *** ,",79,79,,1,0,0, ,C, ,,,,,N,00:00.0,Y,,,,EOD1,UBSADMIN,57:11.0,02:45.0,59:59.0,N,B, ,0,0,0,192,,,,345/14/EIB/HDQT,00:00.0,,,,,,,,0,0,,,,N,VND,50000,,N,Y,Y,,Y,VND,22706,DS,DS,,English,,N,N,N,132,,ALL,,0,, ,18,Vietnamese,,,,,,,,,,,,ALL,Y,Y,00:00.0,00:00.0,,, ,1,7,ICT,C,,00:00.0,EXIMVN,t Nam *** m,VN,29, ,N,,,
2227,N, PGD PHU LAM,3,305,305,1015,PLO,1,Y,193,193,193," Hồng  *** ,","ờng 16 *** ,",79,79,,1,0,0, ,C, ,,,,,N,00:00.0,Y,,,,EOD1,UBSADMIN,18:18.0,02:46.0,59:59.0,N,B, ,0,0,0,193,,,,345/14/EIB/HDQT,00:00.0,,,,,,,,0,0,,,,N,VND,50000,,N,Y,Y,,Y,VND,22699,DS,DS,,English,,N,N,N,200,,ALL,,0,, ,18,Vietnamese,,,,,,,,,,,,ALL,Y,Y,00:00.0,00:00.0,,, ,1,7,ICT,C,,00:00.0,EXIMVN,t Nam *** m,VN,29, ,N,,,
2228,N, PGD TAN BINH,4,305,305,1015,TBO,1,Y,194,194,194,5 (Số  *** g,"ng Tám *** ,",79,79,,1,0,0, ,C, ,,,,,N,00:00.0,Y,,,,EOD1,UBSADMIN,56:30.0,02:46.0,59:59.0,N,B, ,0,0,0,194,,,,345/14/EIB/HDQT,00:00.0,,,,,,,,0,0,,,,N,VND,50000,,N,Y,Y,,Y,VND,22705,DS,DS,,English,,N,N,N,128,,ALL,,0,, ,18,Vietnamese,,,,,,,,,,,,ALL,Y,Y,00:00.0,00:00.0,,, ,1,7,ICT,C,,00:00.0,EXIMVN,t Nam *** m,VN,29, ,N,,,
2229,N, PGD AU CO,5,305,305,1015,ACO,1,Y,195,195,195,"-346 Â *** ,","ờng 10 *** ,",79,79,,1,0,0, ,C, ,,,,,N,00:00.0,Y,,,,EOD1,UBSADMIN,58:21.0,02:46.0,59:59.0,N,B, ,0,0,0,195,,,,345/14/EIB/HDQT,00:00.0,,,,,,,,0,0,,,,N,VND,50000,,N,Y,Y,,Y,VND,22696,DS,DS,,English,,N,N,N,162,,ALL,,0,, ,18,Vietnamese,,,,,,,,,,,,ALL,Y,Y,00:00.0,00:00.0,,, ,1,7,ICT,C,,00:00.0,EXIMVN,t Nam *** m,VN,29, ,N,,,
2230,N, PGD DAM SEN,6,305,305,1015,DSO,1,Y,196,196,196," Lạc L *** ,","ờng 5, *** ,",79,79,,1,0,0, ,C, ,,,,,N,00:00.0,Y,,,,EOD1,UBSADMIN,55:41.0,02:46.0,59:59.0,N,B, ,0,0,0,196,,,,345/14/EIB/HDQT,00:00.0,,,,,,,,0,0,,,,N,VND,50000,,N,Y,Y,,Y,VND,22693,DS,DS,,English,,N,N,N,166,,ALL,,0,, ,18,Vietnamese,,,,,,,,,,,,ALL,Y,Y,00:00.0,00:00.0,,, ,1,7,ICT,C,,00:00.0,EXIMVN,t Nam *** m,VN,29, ,N,,,
2231,N, PGD NGUYEN SON,4,305,305,1400,NEO,1,Y,197,197,197," Nguyễ *** ,","ờng 4, *** ,",79,79,,1,0,0, ,C, ,,,,,N,00:00.0,Y,,,,EOD1,UBSADMIN,58:29.0,02:46.0,59:59.0,N,B, ,0,0,0,197,,,,345/14/EIB/HDQT,00:00.0,,,,,,,,0,0,,,,N,VND,50000,,N,Y,Y,,Y,VND,22724,DS,DS,,English,,N,N,N,137,,ALL,,0,, ,18,Vietnamese,,,,,,,,,,,,ALL,Y,Y,00:00.0,00:00.0,,, ,1,7,ICT,C,,00:00.0,EXIMVN,t Nam *** m,VN,29, ,N,,,
2232,N, PGD BIEN NGHE,5,305,305,1400,QKO,1,Y,198,198,198,"-11B N *** ,","ờng Bế *** ,",79,79,,1,0,0, ,C, ,,,,,N,00:00.0,Y,,,,EOD1,UBSADMIN,59:40.0,02:47.0,59:59.0,N,B, ,0,0,0,198,,,,345/14/EIB/HDQT,00:00.0,,,,,,,,0,0,,,,N,VND,50000,,N,Y,Y,,Y,VND,22718,DS,DS,,English,,N,N,N,145,,ALL,,0,, ,18,Vietnamese,,,,,,,,,,,,ALL,Y,Y,00:00.0,00:00.0,,, ,1,7,ICT,C,,00:00.0,EXIMVN,t Nam *** m,VN,29, ,N,,,
2233,N, PGD PHAN DINH PHUNG,6,305,305,1400,PDO,1,Y,199,199,199," Phan  *** ,","ờng 2, *** ,",79,79,,1,0,0, ,C, ,,,,,N,00:00.0,Y,,,,EOD1,UBSADMIN,01:20.0,02:47.0,59:59.0,N,B, ,0,0,0,199,,,,345/14/EIB/HDQT,00:00.0,,,,,,,,0,0,,,,N,VND,50000,,N,Y,Y,,Y,VND,22779,DS,DS,,English,,N,N,N,167,,ALL,,0,, ,18,Vietnamese,,,,,,,,,,,,ALL,Y,Y,00:00.0,00:00.0,,, ,1,7,ICT,C,,00:00.0,EXIMVN,t Nam *** m,VN,29, ,N,,,
2234,N, PGD THU NGHE,2,305,305,1402,TEO,1,Y,200,200,200,"-117A  *** ,","ờng 17 *** ,",79,79,,1,0,0, ,C, ,,,,,N,00:00.0,Y,,,,EOD1,UBSADMIN,01:10.0,02:47.0,59:59.0,N,B, ,0,0,0,200,,,,345/14/EIB/HDQT,00:00.0,,,,,,,,0,0,,,,N,VND,50000,,N,Y,Y,,Y,VND,22761,DS,DS,,English,,N,N,N,88,,ALL,,0,, ,18,Vietnamese,,,,,,,,,,,,ALL,Y,Y,00:00.0,00:00.0,,, ,1,7,ICT,C,,00:00.0,EXIMVN,t Nam *** m,VN,29, ,N,,,
2235,N, SALA ,3,305,305,1402,NOO,1,Y,201,201,201,"02 Thá *** ,",n Lợi  *** M,79,79,,1,0,0, ,C, ,,,,,N,00:00.0,Y,,,,EOD1,UBSADMIN,14:29.0,02:47.0,59:59.0,N,B, ,0,0,0,201,,,,345/14/EIB/HDQT,00:00.0,,,,,,,,0,0,,,,N,VND,50000,,N,Y,Y,,Y,VND,22702,DS,DS,,English,,N,N,N,171,,ALL,,0,, ,18,Vietnamese,,,,,,,,,,,,ALL,Y,Y,00:00.0,00:00.0,,, ,1,7,ICT,C,,00:00.0,EXIMVN,t Nam *** m,VN,29, ,N,,,
2236,N, THONG  NHAT,4,305,305,1402,KIO,1,Y,202,202,202,"Vo Van *** ,","n 3, T *** M",79,79,,1,0,0, ,C, ,,,,,N,00:00.0,Y,,,,EOD1,UBSADMIN,58:14.0,02:47.0,59:59.0,N,B, ,0,0,0,202,,,,345/14/EIB/HDQT,00:00.0,,,,,,,,0,0,,,,N,VND,50000,,N,Y,Y,,Y,VND,22697,DS,DS,,English,,N,N,N,152,,ALL,,0,, ,18,Vietnamese,,,,,,,,,,,,ALL,Y,Y,00:00.0,00:00.0,,, ,1,7,ICT,C,,00:00.0,EXIMVN,t Nam *** m,VN,29, ,N,,,
2241,N, PGD BINH CHANH,2,305,305,2100,BIO,1,Y,203,203,203,"27 Ấp  *** ,",Bình C *** M,79,79,,1,0,0, ,C, ,,,,,N,00:00.0,Y,,,,EOD1,UBSADMIN,56:20.0,02:48.0,59:59.0,N,B, ,0,0,0,203,,,,345/14/EIB/HDQT,00:00.0,,,,,,,,0,0,,,,N,VND,50000,,N,Y,Y,,Y,VND,22709,DS,DS,,English,,N,N,N,165,,ALL,,0,, ,18,Vietnamese,,,,,,,,,,,,ALL,Y,Y,00:00.0,00:00.0,,, ,1,7,ICT,C,,00:00.0,EXIMVN,t Nam *** m,VN,29, ,N,,,
2242,N, PGD BINH TRI DONG,3,305,305,2100,BBO,1,Y,204,204,204,"-213 V *** ,",ình Tr *** M,79,79,,1,0,0, ,C, ,,,,,N,00:00.0,Y,,,,EOD1,UBSADMIN,57:50.0,02:48.0,59:59.0,N,B, ,0,0,0,204,,,,345/14/EIB/HDQT,00:00.0,,,,,,,,0,0,,,,N,VND,50000,,N,Y,Y,,Y,VND,22710,DS,DS,,English,,N,N,N,113,,ALL,,0,, ,18,Vietnamese,,,,,,,,,,,,ALL,Y,Y,00:00.0,00:00.0,,, ,1,7,ICT,C,,00:00.0,EXIMVN,t Nam *** m,VN,29, ,N,,,
2243,N, PGD TAN PHU,4,305,305,2100,TQO,1,Y,205,205,205,"-611A  *** ,","Tân Ph *** ,",79,79,,1,0,0, ,C, ,,,,,N,00:00.0,Y,,,,EOD1,UBSADMIN,02:11.0,02:48.0,59:59.0,N,B, ,0,0,0,205,,,,345/14/EIB/HDQT,00:00.0,,,,,,,,0,0,,,,N,VND,50000,,N,Y,Y,,Y,VND,22698,DS,DS,,English,,N,N,N,146,,ALL,,0,, ,18,Vietnamese,,,,,,,,,,,,ALL,Y,Y,00:00.0,00:00.0,,, ,1,7,ICT,C,,00:00.0,EXIMVN,t Nam *** m,VN,29, ,N,,,
2244,N, TRUONG TY,5,305,305,2100,GDO,1,Y,206,206,206," Trươn *** ,",ân Phú *** M,79,79,,1,0,0, ,C, ,,,,,N,00:00.0,Y,,,,EOD1,UBSADMIN,59:10.0,02:48.0,59:59.0,N,B, ,0,0,0,206,,,,345/14/EIB/HDQT,00:00.0,,,,,,,,0,0,,,,N,VND,50000,,N,Y,Y,,Y,VND,22713,DS,DS,,English,,N,N,N,147,,ALL,,0,, ,18,Vietnamese,,,,,,,,,,,,ALL,Y,Y,00:00.0,00:00.0,,, ,1,7,ICT,C,,00:00.0,EXIMVN,t Nam *** m,VN,29, ,N,,,
2245,N, PGD TAN PHONG,2,305,305,2101,T3O,1,Y,207,207,207,"9 Nguy *** ,"," Mỹ To *** ,",79,79,,1,0,0, ,C, ,,,,,N,00:00.0,Y,,,,EOD1,UBSADMIN,54:51.0,02:48.0,59:59.0,N,B, ,0,0,0,207,,,,345/14/EIB/HDQT,00:00.0,,,,,,,,0,0,,,,N,VND,50000,,N,Y,Y,,Y,VND,22693,DS,DS,,English,,N,N,N,150,,ALL,,0,, ,18,Vietnamese,,,,,,,,,,,,ALL,Y,Y,00:00.0,00:00.0,,, ,1,7,ICT,C,,00:00.0,EXIMVN,t Nam *** m,VN,29, ,N,,,
2246,N, PGD BAY HIEN,3,305,305,2101,PEO,1,Y,208,208,208," Phạm  *** ,","n 8, T *** ,",79,79,,1,0,0, ,C, ,,,,,N,00:00.0,Y,,,,EOD1,UBSADMIN,17:51.0,02:49.0,59:59.0,N,B, ,0,0,0,208,,,,345/14/EIB/HDQT,00:00.0,,,,,,,,0,0,,,,N,VND,50000,,N,Y,Y,,Y,VND,22687,DS,DS,,English,,N,N,N,191,,ALL,,0,, ,18,Vietnamese,,,,,,,,,,,,ALL,Y,Y,00:00.0,00:00.0,,, ,1,7,ICT,C,,00:00.0,EXIMVN,t Nam *** m,VN,29, ,N,,,
2249,N, PGD AN LAC,2,305,305,2103,ALO,1,Y,209,209,209," - 478 *** ,","n Lạc  *** ,",79,79,,1,0,0, ,C, ,,,,,N,00:00.0,Y,,,,EOD1,UBSADMIN,58:10.0,02:49.0,59:59.0,N,B, ,0,0,0,209,,,,345/14/EIB/HDQT,00:00.0,,,,,,,,0,0,,,,N,VND,50000,,N,Y,Y,,Y,VND,23202,DS,DS,,English,,N,N,N,118,,ALL,,0,, ,18,Vietnamese,,,,,,,,,,,,ALL,Y,Y,00:00.0,00:00.0,,, ,1,7,ICT,C,,00:00.0,EXIMVN,t Nam *** m,VN,29, ,N,,,
2300,N, BAC NINH,1,305,305,2300,NGR,1,Y,214,214,214,inh Xa *** h,"Bac Ni *** ,",27,79,,1,0,0, ,C, ,,,,,N,00:00.0,Y,,,,EOD1,UBSADMIN,55:51.0,14:43.0,59:59.0,N,B, ,0,0,0,214,,,,204/EIB/HDQT-07,00:00.0,,,,,,,,0,0,,,,N,VND,50000,,N,Y,Y,,Y,VND,24824,DS,DS,,English,,N,N,N,2,,ALL,,0,, ,18,Vietnamese,,,,,,,,,,,,ALL,Y,Y,00:00.0,00:00.0,,, ,1,7,ICT,C,,00:00.0,EXIMVN,t Nam *** m,VN,29, ,N,,,
2400,N, BAC GIANG,1,305,305,2400,NGS,1,Y,211,211,211,"71-72- *** ,",Bac Gi *** g,24,79,,1,0,0, ,C, ,,,,,N,00:00.0,Y,,,,EOD1,UBSADMIN,54:50.0,05:40.0,59:59.0,N,B, ,0,0,0,211,,,,204/EIB/HDQT-07,00:00.0,,,,,,,,0,0,,,,N,VND,50000,,N,Y,Y,,Y,VND,24823,DS,DS,,English,,N,N,N,2,,ALL,,0,, ,18,Vietnamese,,,,,,,,,,,,ALL,Y,Y,00:00.0,00:00.0,,, ,1,7,ICT,C,,00:00.0,EXIMVN,t Nam *** m,VN,29, ,N,,,
2500,N, BINH  CHANH,1,305,305,2500,NGQ,1,Y,217,217,217,"e Hong *** ,",inh Di *** h,52,79,,1,0,0, ,C, ,,,,,N,00:00.0,Y,,,,EOD1,UBSADMIN,53:23.0,04:07.0,59:59.0,N,B, ,0,0,0,217,,,,204/EIB/HDQT-07,00:00.0,,,,,,,,0,0,,,,N,VND,50000,,N,Y,Y,,Y,VND,24827,DS,DS,,English,,N,N,N,2,,ALL,,0,, ,18,Vietnamese,,,,,,,,,,,,ALL,Y,Y,00:00.0,00:00.0,,, ,1,7,ICT,C,,00:00.0,EXIMVN,t Nam *** m,VN,29, ,N,,,
2600,N, DONG  THAP,1,305,305,2600,NGW,1,Y,213,213,213,"-105-1 *** ,",Cao La *** p,87,79,,1,0,0, ,C, ,,,,,N,00:00.0,Y,,,,EOD1,UBSADMIN,53:59.0,05:35.0,59:59.0,N,B, ,0,0,0,213,,,,204/EIB/HDQT-07,00:00.0,,,,,,,,0,0,,,,N,VND,50000,,N,Y,Y,,Y,VND,24815,DS,DS,,English,,N,N,N,2,,ALL,,0,, ,18,Vietnamese,,,,,,,,,,,,ALL,Y,Y,00:00.0,00:00.0,,, ,1,7,ICT,C,,00:00.0,EXIMVN,t Nam *** m,VN,29, ,N,,,
